{
  "meta": {
    "mode": "A",
    "char": "32x48",
    "vfx": "64x64",
    "ui_fx": "64x64"
  },
  "animations": [
    {
      "key": "sub_armbar_apply",
      "sheet": "player_combat.png",
      "frame_start": 0,
      "frame_end": 11,
      "fps": 14,
      "loop": false,
      "frames": 12
    },
    {
      "key": "sub_armbar_squeeze_loop",
      "sheet": "player_combat.png",
      "frame_start": 12,
      "frame_end": 19,
      "fps": 12,
      "loop": true,
      "frames": 8
    },
    {
      "key": "sub_armbar_crank",
      "sheet": "player_combat.png",
      "frame_start": 20,
      "frame_end": 29,
      "fps": 14,
      "loop": false,
      "frames": 10
    },
    {
      "key": "sub_kimura_apply",
      "sheet": "player_combat.png",
      "frame_start": 30,
      "frame_end": 41,
      "fps": 14,
      "loop": false,
      "frames": 12
    },
    {
      "key": "sub_kimura_squeeze_loop",
      "sheet": "player_combat.png",
      "frame_start": 42,
      "frame_end": 49,
      "fps": 12,
      "loop": true,
      "frames": 8
    },
    {
      "key": "sub_kimura_crank",
      "sheet": "player_combat.png",
      "frame_start": 50,
      "frame_end": 59,
      "fps": 14,
      "loop": false,
      "frames": 10
    },
    {
      "key": "sub_escape_generic",
      "sheet": "player_combat.png",
      "frame_start": 60,
      "frame_end": 71,
      "fps": 14,
      "loop": false,
      "frames": 12
    },
    {
      "key": "hurt_flinch",
      "sheet": "player_combat.png",
      "frame_start": 72,
      "frame_end": 77,
      "fps": 14,
      "loop": false,
      "frames": 6
    },
    {
      "key": "limp_arm_idle",
      "sheet": "player_combat.png",
      "frame_start": 78,
      "frame_end": 83,
      "fps": 10,
      "loop": true,
      "frames": 6
    },
    {
      "key": "tap_out",
      "sheet": "player_combat.png",
      "frame_start": 84,
      "frame_end": 93,
      "fps": 12,
      "loop": false,
      "frames": 10
    }
  ],
  "vfx": [
    {
      "key": "vfx_critical_vignette",
      "sheet": "vfx.png",
      "frame_start": 0,
      "frame_end": 7,
      "fps": 10,
      "loop": true,
      "frames": 8
    },
    {
      "key": "vfx_flash_impact",
      "sheet": "vfx.png",
      "frame_start": 8,
      "frame_end": 13,
      "fps": 18,
      "loop": false,
      "frames": 6
    },
    {
      "key": "vfx_joint_snap",
      "sheet": "vfx.png",
      "frame_start": 14,
      "frame_end": 19,
      "fps": 16,
      "loop": false,
      "frames": 6
    },
    {
      "key": "vfx_siren_glow",
      "sheet": "vfx.png",
      "frame_start": 20,
      "frame_end": 29,
      "fps": 8,
      "loop": true,
      "frames": 10
    },
    {
      "key": "vfx_pain_spark",
      "sheet": "vfx.png",
      "frame_start": 30,
      "frame_end": 35,
      "fps": 16,
      "loop": false,
      "frames": 6
    }
  ],
  "ui_fx": [
    {
      "key": "ui_modal_critical_open",
      "sheet": "ui_fx.png",
      "frame_start": 0,
      "frame_end": 5,
      "fps": 18,
      "loop": false,
      "frames": 6
    },
    {
      "key": "ui_modal_critical_idle",
      "sheet": "ui_fx.png",
      "frame_start": 6,
      "frame_end": 13,
      "fps": 12,
      "loop": true,
      "frames": 8
    },
    {
      "key": "ui_modal_critical_close",
      "sheet": "ui_fx.png",
      "frame_start": 14,
      "frame_end": 19,
      "fps": 18,
      "loop": false,
      "frames": 6
    },
    {
      "key": "ui_injury_pulse",
      "sheet": "ui_fx.png",
      "frame_start": 20,
      "frame_end": 27,
      "fps": 12,
      "loop": false,
      "frames": 8
    },
    {
      "key": "ui_star_ping",
      "sheet": "ui_fx.png",
      "frame_start": 28,
      "frame_end": 33,
      "fps": 18,
      "loop": false,
      "frames": 6
    },
    {
      "key": "ui_wanted_warning_pulse",
      "sheet": "ui_fx.png",
      "frame_start": 34,
      "frame_end": 41,
      "fps": 10,
      "loop": true,
      "frames": 8
    }
  ]
}