{
  "critical_lock_open": {
    "vfx": [
      "vfx_critical_vignette"
    ],
    "ui": [
      "ui_modal_critical_open",
      "ui_modal_critical_idle"
    ],
    "sfx": [
      "heartbeat_start"
    ],
    "haptic": "light",
    "cameraShake": {
      "ms": 0,
      "amp": 0
    }
  },
  "critical_lock_release": {
    "vfx": [
      "vfx_flash_impact"
    ],
    "ui": [
      "ui_modal_critical_close"
    ],
    "sfx": [
      "release"
    ],
    "haptic": "light"
  },
  "critical_lock_hold_success": {
    "vfx": [
      "vfx_joint_snap",
      "vfx_pain_spark"
    ],
    "ui": [
      "ui_injury_pulse",
      "ui_star_ping"
    ],
    "sfx": [
      "snap_muffled",
      "crowd_gasp"
    ],
    "haptic": "medium",
    "cameraShake": {
      "ms": 90,
      "amp": "medium"
    }
  },
  "takedown_impact": {
    "vfx": [
      "vfx_flash_impact"
    ],
    "sfx": [
      "thud"
    ],
    "haptic": "light",
    "cameraShake": {
      "ms": 60,
      "amp": "low"
    }
  },
  "wanted_level_up": {
    "ui": [
      "ui_star_ping",
      "ui_wanted_warning_pulse"
    ],
    "sfx": [
      "police_radio_far"
    ],
    "haptic": "light"
  }
}