[
  {
    "id": "c_0000",
    "author": "@FaixaMarromDaRua",
    "text": "treino não mente #JiuJitsu",
    "sentiment": "neu"
  },
  {
    "id": "c_0001",
    "author": "@KimonoNaVeia",
    "text": "cabeça fria, campeão #Queda",
    "sentiment": "neu"
  },
  {
    "id": "c_0002",
    "author": "@FaixaMarromDaRua",
    "text": "pontuou bonito #TatameLive",
    "sentiment": "neg"
  },
  {
    "id": "c_0003",
    "author": "@TorcidaSalvador",
    "text": "foi garfado demais #Kimura",
    "sentiment": "pos"
  },
  {
    "id": "c_0004",
    "author": "@TorcidaSalvador",
    "text": "na areia é outra pegada #Treino",
    "sentiment": "neu"
  },
  {
    "id": "c_0005",
    "author": "@GuilhotinaClub",
    "text": "foi garfado demais #Kimura",
    "sentiment": "pos"
  },
  {
    "id": "c_0006",
    "author": "@TorcidaSalvador",
    "text": "técnica limpa, respeito #Raspagem",
    "sentiment": "neu"
  },
  {
    "id": "c_0007",
    "author": "@FaixaMarromDaRua",
    "text": "cabeça fria, campeão #Acaraje",
    "sentiment": "pos"
  },
  {
    "id": "c_0008",
    "author": "@TorcidaSalvador",
    "text": "tá virando lenda #CriaDoTatame",
    "sentiment": "neg"
  },
  {
    "id": "c_0009",
    "author": "@KimonoNaVeia",
    "text": "treino não mente #NoGi",
    "sentiment": "pos"
  },
  {
    "id": "c_0010",
    "author": "@GuilhotinaClub",
    "text": "pontuou bonito #Triangulo",
    "sentiment": "neg"
  },
  {
    "id": "c_0011",
    "author": "@GuilhotinaClub",
    "text": "pontuou bonito #Triangulo",
    "sentiment": "neu"
  },
  {
    "id": "c_0012",
    "author": "@JiuJiteiroRaiz",
    "text": "pontuou bonito #Open",
    "sentiment": "neu"
  },
  {
    "id": "c_0013",
    "author": "@JiuJiteiroRaiz",
    "text": "tá virando lenda #Acaraje",
    "sentiment": "neu"
  },
  {
    "id": "c_0014",
    "author": "@JiuJiteiroRaiz",
    "text": "cabeça fria, campeão #Kimura",
    "sentiment": "neg"
  },
  {
    "id": "c_0015",
    "author": "@FaixaMarromDaRua",
    "text": "quero ver ao vivo #AbuDhabi",
    "sentiment": "pos"
  },
  {
    "id": "c_0016",
    "author": "@FaixaMarromDaRua",
    "text": "na areia é outra pegada #Final",
    "sentiment": "pos"
  },
  {
    "id": "c_0017",
    "author": "@KimonoNaVeia",
    "text": "técnica limpa, respeito #Aleluyopolis",
    "sentiment": "neu"
  },
  {
    "id": "c_0018",
    "author": "@FaixaMarromDaRua",
    "text": "pontuou bonito #Triangulo",
    "sentiment": "pos"
  },
  {
    "id": "c_0019",
    "author": "@TorcidaSalvador",
    "text": "quero ver ao vivo #NoGi",
    "sentiment": "pos"
  },
  {
    "id": "c_0020",
    "author": "@TorcidaSalvador",
    "text": "cabeça fria, campeão #CriaDoTatame",
    "sentiment": "pos"
  },
  {
    "id": "c_0021",
    "author": "@JiuJiteiroRaiz",
    "text": "treino não mente #Raspagem",
    "sentiment": "neg"
  },
  {
    "id": "c_0022",
    "author": "@FaixaMarromDaRua",
    "text": "treino não mente #CriaDoTatame",
    "sentiment": "pos"
  },
  {
    "id": "c_0023",
    "author": "@TorcidaSalvador",
    "text": "quero ver ao vivo #MMA",
    "sentiment": "neg"
  },
  {
    "id": "c_0024",
    "author": "@TorcidaSalvador",
    "text": "treino não mente #NoGi",
    "sentiment": "neu"
  },
  {
    "id": "c_0025",
    "author": "@FaixaMarromDaRua",
    "text": "técnica limpa, respeito #Treino",
    "sentiment": "neg"
  },
  {
    "id": "c_0026",
    "author": "@GuilhotinaClub",
    "text": "isso é jiu-jitsu de verdade #Faixa",
    "sentiment": "pos"
  },
  {
    "id": "c_0027",
    "author": "@JiuJiteiroRaiz",
    "text": "técnica limpa, respeito #Aleluyopolis",
    "sentiment": "neg"
  },
  {
    "id": "c_0028",
    "author": "@TorcidaSalvador",
    "text": "esse rival só fala #TatameLive",
    "sentiment": "pos"
  },
  {
    "id": "c_0029",
    "author": "@TorcidaSalvador",
    "text": "técnica limpa, respeito #ChaveDeBraco",
    "sentiment": "pos"
  },
  {
    "id": "c_0030",
    "author": "@KimonoNaVeia",
    "text": "tá virando lenda #JiuJitsu",
    "sentiment": "neg"
  },
  {
    "id": "c_0031",
    "author": "@FaixaMarromDaRua",
    "text": "treino não mente #TatameLive",
    "sentiment": "pos"
  },
  {
    "id": "c_0032",
    "author": "@TorcidaSalvador",
    "text": "tá virando lenda #Final",
    "sentiment": "neu"
  },
  {
    "id": "c_0033",
    "author": "@TorcidaSalvador",
    "text": "cabeça fria, campeão #Faixa",
    "sentiment": "neu"
  },
  {
    "id": "c_0034",
    "author": "@GuilhotinaClub",
    "text": "tá virando lenda #ChaveDeBraco",
    "sentiment": "pos"
  },
  {
    "id": "c_0035",
    "author": "@JiuJiteiroRaiz",
    "text": "pontuou bonito #JiuJitsu",
    "sentiment": "neg"
  },
  {
    "id": "c_0036",
    "author": "@JiuJiteiroRaiz",
    "text": "esse rival só fala #Treino",
    "sentiment": "pos"
  },
  {
    "id": "c_0037",
    "author": "@JiuJiteiroRaiz",
    "text": "esse rival só fala #MMA",
    "sentiment": "pos"
  },
  {
    "id": "c_0038",
    "author": "@JiuJiteiroRaiz",
    "text": "treino não mente #AbuDhabi",
    "sentiment": "neg"
  },
  {
    "id": "c_0039",
    "author": "@KimonoNaVeia",
    "text": "treino não mente #Faixa",
    "sentiment": "neu"
  },
  {
    "id": "c_0040",
    "author": "@FaixaMarromDaRua",
    "text": "quero ver ao vivo #TatameLive",
    "sentiment": "pos"
  },
  {
    "id": "c_0041",
    "author": "@GuilhotinaClub",
    "text": "cabeça fria, campeão #Final",
    "sentiment": "neu"
  },
  {
    "id": "c_0042",
    "author": "@GuilhotinaClub",
    "text": "cabeça fria, campeão #Pressao",
    "sentiment": "pos"
  },
  {
    "id": "c_0043",
    "author": "@FaixaMarromDaRua",
    "text": "cabeça fria, campeão #MMA",
    "sentiment": "neu"
  },
  {
    "id": "c_0044",
    "author": "@TorcidaSalvador",
    "text": "treino não mente #MMA",
    "sentiment": "pos"
  },
  {
    "id": "c_0045",
    "author": "@TorcidaSalvador",
    "text": "treino não mente #Open",
    "sentiment": "neu"
  },
  {
    "id": "c_0046",
    "author": "@JiuJiteiroRaiz",
    "text": "cabeça fria, campeão #CriaDoTatame",
    "sentiment": "pos"
  },
  {
    "id": "c_0047",
    "author": "@JiuJiteiroRaiz",
    "text": "pontuou bonito #Gi",
    "sentiment": "neg"
  },
  {
    "id": "c_0048",
    "author": "@TorcidaSalvador",
    "text": "esse rival só fala #AbuDhabi",
    "sentiment": "neg"
  },
  {
    "id": "c_0049",
    "author": "@KimonoNaVeia",
    "text": "isso é jiu-jitsu de verdade #Raspagem",
    "sentiment": "pos"
  },
  {
    "id": "c_0050",
    "author": "@GuilhotinaClub",
    "text": "quero ver ao vivo #Final",
    "sentiment": "pos"
  },
  {
    "id": "c_0051",
    "author": "@TorcidaSalvador",
    "text": "técnica limpa, respeito #Treino",
    "sentiment": "pos"
  },
  {
    "id": "c_0052",
    "author": "@FaixaMarromDaRua",
    "text": "cabeça fria, campeão #NoGi",
    "sentiment": "neu"
  },
  {
    "id": "c_0053",
    "author": "@FaixaMarromDaRua",
    "text": "isso é jiu-jitsu de verdade #JiuJitsu",
    "sentiment": "neu"
  },
  {
    "id": "c_0054",
    "author": "@FaixaMarromDaRua",
    "text": "cabeça fria, campeão #Pressao",
    "sentiment": "neu"
  },
  {
    "id": "c_0055",
    "author": "@GuilhotinaClub",
    "text": "na areia é outra pegada #Aleluyopolis",
    "sentiment": "neu"
  },
  {
    "id": "c_0056",
    "author": "@FaixaMarromDaRua",
    "text": "pontuou bonito #Final",
    "sentiment": "pos"
  },
  {
    "id": "c_0057",
    "author": "@GuilhotinaClub",
    "text": "cabeça fria, campeão #Treino",
    "sentiment": "neu"
  },
  {
    "id": "c_0058",
    "author": "@TorcidaSalvador",
    "text": "quero ver ao vivo #Gi",
    "sentiment": "pos"
  },
  {
    "id": "c_0059",
    "author": "@GuilhotinaClub",
    "text": "cabeça fria, campeão #NoGi",
    "sentiment": "pos"
  },
  {
    "id": "c_0060",
    "author": "@TorcidaSalvador",
    "text": "treino não mente #ChaveDeBraco",
    "sentiment": "pos"
  },
  {
    "id": "c_0061",
    "author": "@GuilhotinaClub",
    "text": "esse rival só fala #JiuJitsu",
    "sentiment": "pos"
  },
  {
    "id": "c_0062",
    "author": "@JiuJiteiroRaiz",
    "text": "treino não mente #Final",
    "sentiment": "pos"
  },
  {
    "id": "c_0063",
    "author": "@KimonoNaVeia",
    "text": "técnica limpa, respeito #Queda",
    "sentiment": "pos"
  },
  {
    "id": "c_0064",
    "author": "@TorcidaSalvador",
    "text": "treino não mente #Final",
    "sentiment": "pos"
  },
  {
    "id": "c_0065",
    "author": "@JiuJiteiroRaiz",
    "text": "na areia é outra pegada #Treino",
    "sentiment": "neu"
  },
  {
    "id": "c_0066",
    "author": "@TorcidaSalvador",
    "text": "foi garfado demais #NoGi",
    "sentiment": "neu"
  },
  {
    "id": "c_0067",
    "author": "@TorcidaSalvador",
    "text": "foi garfado demais #Open",
    "sentiment": "neg"
  },
  {
    "id": "c_0068",
    "author": "@FaixaMarromDaRua",
    "text": "na areia é outra pegada #Pressao",
    "sentiment": "neu"
  },
  {
    "id": "c_0069",
    "author": "@TorcidaSalvador",
    "text": "tá virando lenda #Queda",
    "sentiment": "pos"
  },
  {
    "id": "c_0070",
    "author": "@GuilhotinaClub",
    "text": "quero ver ao vivo #Aleluyopolis",
    "sentiment": "neg"
  },
  {
    "id": "c_0071",
    "author": "@KimonoNaVeia",
    "text": "esse rival só fala #Pressao",
    "sentiment": "neu"
  },
  {
    "id": "c_0072",
    "author": "@JiuJiteiroRaiz",
    "text": "pontuou bonito #Queda",
    "sentiment": "pos"
  },
  {
    "id": "c_0073",
    "author": "@KimonoNaVeia",
    "text": "quero ver ao vivo #Triangulo",
    "sentiment": "pos"
  },
  {
    "id": "c_0074",
    "author": "@KimonoNaVeia",
    "text": "quero ver ao vivo #Acaraje",
    "sentiment": "neg"
  },
  {
    "id": "c_0075",
    "author": "@FaixaMarromDaRua",
    "text": "quero ver ao vivo #Gi",
    "sentiment": "pos"
  },
  {
    "id": "c_0076",
    "author": "@TorcidaSalvador",
    "text": "na areia é outra pegada #AbuDhabi",
    "sentiment": "pos"
  },
  {
    "id": "c_0077",
    "author": "@JiuJiteiroRaiz",
    "text": "isso é jiu-jitsu de verdade #TatameLive",
    "sentiment": "neu"
  },
  {
    "id": "c_0078",
    "author": "@JiuJiteiroRaiz",
    "text": "quero ver ao vivo #Aleluyopolis",
    "sentiment": "pos"
  },
  {
    "id": "c_0079",
    "author": "@KimonoNaVeia",
    "text": "foi garfado demais #ChaveDeBraco",
    "sentiment": "pos"
  },
  {
    "id": "c_0080",
    "author": "@FaixaMarromDaRua",
    "text": "quero ver ao vivo #Gi",
    "sentiment": "pos"
  },
  {
    "id": "c_0081",
    "author": "@KimonoNaVeia",
    "text": "pontuou bonito #MMA",
    "sentiment": "pos"
  },
  {
    "id": "c_0082",
    "author": "@GuilhotinaClub",
    "text": "técnica limpa, respeito #Triangulo",
    "sentiment": "pos"
  },
  {
    "id": "c_0083",
    "author": "@KimonoNaVeia",
    "text": "tá virando lenda #TatameLive",
    "sentiment": "pos"
  },
  {
    "id": "c_0084",
    "author": "@FaixaMarromDaRua",
    "text": "treino não mente #Queda",
    "sentiment": "pos"
  },
  {
    "id": "c_0085",
    "author": "@JiuJiteiroRaiz",
    "text": "cabeça fria, campeão #Salvador",
    "sentiment": "neu"
  },
  {
    "id": "c_0086",
    "author": "@GuilhotinaClub",
    "text": "esse rival só fala #Final",
    "sentiment": "neg"
  },
  {
    "id": "c_0087",
    "author": "@TorcidaSalvador",
    "text": "treino não mente #Final",
    "sentiment": "neu"
  },
  {
    "id": "c_0088",
    "author": "@JiuJiteiroRaiz",
    "text": "esse rival só fala #NoGi",
    "sentiment": "pos"
  },
  {
    "id": "c_0089",
    "author": "@KimonoNaVeia",
    "text": "tá virando lenda #Aleluyopolis",
    "sentiment": "neg"
  },
  {
    "id": "c_0090",
    "author": "@FaixaMarromDaRua",
    "text": "técnica limpa, respeito #Treino",
    "sentiment": "neg"
  },
  {
    "id": "c_0091",
    "author": "@GuilhotinaClub",
    "text": "cabeça fria, campeão #CriaDoTatame",
    "sentiment": "neg"
  },
  {
    "id": "c_0092",
    "author": "@GuilhotinaClub",
    "text": "tá virando lenda #Pressao",
    "sentiment": "pos"
  },
  {
    "id": "c_0093",
    "author": "@FaixaMarromDaRua",
    "text": "treino não mente #Open",
    "sentiment": "pos"
  },
  {
    "id": "c_0094",
    "author": "@TorcidaSalvador",
    "text": "na areia é outra pegada #Aleluyopolis",
    "sentiment": "pos"
  },
  {
    "id": "c_0095",
    "author": "@FaixaMarromDaRua",
    "text": "na areia é outra pegada #Kimura",
    "sentiment": "neg"
  },
  {
    "id": "c_0096",
    "author": "@TorcidaSalvador",
    "text": "pontuou bonito #Pressao",
    "sentiment": "pos"
  },
  {
    "id": "c_0097",
    "author": "@JiuJiteiroRaiz",
    "text": "cabeça fria, campeão #Acaraje",
    "sentiment": "pos"
  },
  {
    "id": "c_0098",
    "author": "@TorcidaSalvador",
    "text": "na areia é outra pegada #MMA",
    "sentiment": "neg"
  },
  {
    "id": "c_0099",
    "author": "@KimonoNaVeia",
    "text": "pontuou bonito #Acaraje",
    "sentiment": "neu"
  },
  {
    "id": "c_0100",
    "author": "@JiuJiteiroRaiz",
    "text": "pontuou bonito #AbuDhabi",
    "sentiment": "neu"
  },
  {
    "id": "c_0101",
    "author": "@KimonoNaVeia",
    "text": "esse rival só fala #Gi",
    "sentiment": "neg"
  },
  {
    "id": "c_0102",
    "author": "@FaixaMarromDaRua",
    "text": "quero ver ao vivo #Final",
    "sentiment": "neu"
  },
  {
    "id": "c_0103",
    "author": "@FaixaMarromDaRua",
    "text": "isso é jiu-jitsu de verdade #Gi",
    "sentiment": "neu"
  },
  {
    "id": "c_0104",
    "author": "@JiuJiteiroRaiz",
    "text": "na areia é outra pegada #Open",
    "sentiment": "pos"
  },
  {
    "id": "c_0105",
    "author": "@KimonoNaVeia",
    "text": "tá virando lenda #Triangulo",
    "sentiment": "neg"
  },
  {
    "id": "c_0106",
    "author": "@JiuJiteiroRaiz",
    "text": "técnica limpa, respeito #Queda",
    "sentiment": "neu"
  },
  {
    "id": "c_0107",
    "author": "@KimonoNaVeia",
    "text": "cabeça fria, campeão #Gi",
    "sentiment": "neg"
  },
  {
    "id": "c_0108",
    "author": "@TorcidaSalvador",
    "text": "tá virando lenda #ChaveDeBraco",
    "sentiment": "neu"
  },
  {
    "id": "c_0109",
    "author": "@GuilhotinaClub",
    "text": "isso é jiu-jitsu de verdade #Open",
    "sentiment": "neu"
  },
  {
    "id": "c_0110",
    "author": "@KimonoNaVeia",
    "text": "tá virando lenda #MMA",
    "sentiment": "pos"
  },
  {
    "id": "c_0111",
    "author": "@GuilhotinaClub",
    "text": "isso é jiu-jitsu de verdade #JiuJitsu",
    "sentiment": "pos"
  },
  {
    "id": "c_0112",
    "author": "@KimonoNaVeia",
    "text": "treino não mente #Aleluyopolis",
    "sentiment": "pos"
  },
  {
    "id": "c_0113",
    "author": "@GuilhotinaClub",
    "text": "foi garfado demais #MMA",
    "sentiment": "pos"
  },
  {
    "id": "c_0114",
    "author": "@FaixaMarromDaRua",
    "text": "pontuou bonito #Raspagem",
    "sentiment": "neu"
  },
  {
    "id": "c_0115",
    "author": "@JiuJiteiroRaiz",
    "text": "esse rival só fala #ChaveDeBraco",
    "sentiment": "pos"
  },
  {
    "id": "c_0116",
    "author": "@KimonoNaVeia",
    "text": "esse rival só fala #Aleluyopolis",
    "sentiment": "neu"
  },
  {
    "id": "c_0117",
    "author": "@GuilhotinaClub",
    "text": "tá virando lenda #ChaveDeBraco",
    "sentiment": "neu"
  },
  {
    "id": "c_0118",
    "author": "@JiuJiteiroRaiz",
    "text": "tá virando lenda #Aleluyopolis",
    "sentiment": "pos"
  },
  {
    "id": "c_0119",
    "author": "@JiuJiteiroRaiz",
    "text": "foi garfado demais #Triangulo",
    "sentiment": "neg"
  },
  {
    "id": "c_0120",
    "author": "@KimonoNaVeia",
    "text": "quero ver ao vivo #TatameLive",
    "sentiment": "neu"
  },
  {
    "id": "c_0121",
    "author": "@FaixaMarromDaRua",
    "text": "na areia é outra pegada #JiuJitsu",
    "sentiment": "neu"
  },
  {
    "id": "c_0122",
    "author": "@GuilhotinaClub",
    "text": "técnica limpa, respeito #Gi",
    "sentiment": "pos"
  },
  {
    "id": "c_0123",
    "author": "@KimonoNaVeia",
    "text": "cabeça fria, campeão #Acaraje",
    "sentiment": "pos"
  },
  {
    "id": "c_0124",
    "author": "@TorcidaSalvador",
    "text": "cabeça fria, campeão #AbuDhabi",
    "sentiment": "neg"
  },
  {
    "id": "c_0125",
    "author": "@JiuJiteiroRaiz",
    "text": "cabeça fria, campeão #Faixa",
    "sentiment": "pos"
  },
  {
    "id": "c_0126",
    "author": "@JiuJiteiroRaiz",
    "text": "treino não mente #JiuJitsu",
    "sentiment": "neu"
  },
  {
    "id": "c_0127",
    "author": "@KimonoNaVeia",
    "text": "pontuou bonito #Raspagem",
    "sentiment": "pos"
  },
  {
    "id": "c_0128",
    "author": "@TorcidaSalvador",
    "text": "cabeça fria, campeão #MMA",
    "sentiment": "neu"
  },
  {
    "id": "c_0129",
    "author": "@KimonoNaVeia",
    "text": "cabeça fria, campeão #TatameLive",
    "sentiment": "neg"
  },
  {
    "id": "c_0130",
    "author": "@FaixaMarromDaRua",
    "text": "técnica limpa, respeito #Salvador",
    "sentiment": "neu"
  },
  {
    "id": "c_0131",
    "author": "@TorcidaSalvador",
    "text": "pontuou bonito #Queda",
    "sentiment": "neu"
  },
  {
    "id": "c_0132",
    "author": "@GuilhotinaClub",
    "text": "quero ver ao vivo #Triangulo",
    "sentiment": "pos"
  },
  {
    "id": "c_0133",
    "author": "@GuilhotinaClub",
    "text": "isso é jiu-jitsu de verdade #Gi",
    "sentiment": "pos"
  },
  {
    "id": "c_0134",
    "author": "@FaixaMarromDaRua",
    "text": "esse rival só fala #ChaveDeBraco",
    "sentiment": "pos"
  },
  {
    "id": "c_0135",
    "author": "@KimonoNaVeia",
    "text": "pontuou bonito #AbuDhabi",
    "sentiment": "pos"
  },
  {
    "id": "c_0136",
    "author": "@TorcidaSalvador",
    "text": "pontuou bonito #Acaraje",
    "sentiment": "pos"
  },
  {
    "id": "c_0137",
    "author": "@FaixaMarromDaRua",
    "text": "pontuou bonito #ChaveDeBraco",
    "sentiment": "pos"
  },
  {
    "id": "c_0138",
    "author": "@GuilhotinaClub",
    "text": "tá virando lenda #Acaraje",
    "sentiment": "pos"
  },
  {
    "id": "c_0139",
    "author": "@JiuJiteiroRaiz",
    "text": "isso é jiu-jitsu de verdade #Queda",
    "sentiment": "pos"
  },
  {
    "id": "c_0140",
    "author": "@GuilhotinaClub",
    "text": "esse rival só fala #Open",
    "sentiment": "neu"
  },
  {
    "id": "c_0141",
    "author": "@JiuJiteiroRaiz",
    "text": "técnica limpa, respeito #NoGi",
    "sentiment": "pos"
  },
  {
    "id": "c_0142",
    "author": "@GuilhotinaClub",
    "text": "tá virando lenda #JiuJitsu",
    "sentiment": "neu"
  },
  {
    "id": "c_0143",
    "author": "@FaixaMarromDaRua",
    "text": "treino não mente #Pressao",
    "sentiment": "pos"
  },
  {
    "id": "c_0144",
    "author": "@TorcidaSalvador",
    "text": "foi garfado demais #TatameLive",
    "sentiment": "pos"
  },
  {
    "id": "c_0145",
    "author": "@FaixaMarromDaRua",
    "text": "técnica limpa, respeito #Faixa",
    "sentiment": "pos"
  },
  {
    "id": "c_0146",
    "author": "@FaixaMarromDaRua",
    "text": "técnica limpa, respeito #Acaraje",
    "sentiment": "neu"
  },
  {
    "id": "c_0147",
    "author": "@GuilhotinaClub",
    "text": "isso é jiu-jitsu de verdade #MMA",
    "sentiment": "pos"
  },
  {
    "id": "c_0148",
    "author": "@KimonoNaVeia",
    "text": "esse rival só fala #JiuJitsu",
    "sentiment": "pos"
  },
  {
    "id": "c_0149",
    "author": "@KimonoNaVeia",
    "text": "isso é jiu-jitsu de verdade #CriaDoTatame",
    "sentiment": "neu"
  },
  {
    "id": "c_0150",
    "author": "@TorcidaSalvador",
    "text": "pontuou bonito #Open",
    "sentiment": "pos"
  },
  {
    "id": "c_0151",
    "author": "@KimonoNaVeia",
    "text": "técnica limpa, respeito #Queda",
    "sentiment": "neu"
  },
  {
    "id": "c_0152",
    "author": "@JiuJiteiroRaiz",
    "text": "isso é jiu-jitsu de verdade #Queda",
    "sentiment": "pos"
  },
  {
    "id": "c_0153",
    "author": "@JiuJiteiroRaiz",
    "text": "quero ver ao vivo #Raspagem",
    "sentiment": "neu"
  },
  {
    "id": "c_0154",
    "author": "@KimonoNaVeia",
    "text": "técnica limpa, respeito #CriaDoTatame",
    "sentiment": "neu"
  },
  {
    "id": "c_0155",
    "author": "@KimonoNaVeia",
    "text": "na areia é outra pegada #Raspagem",
    "sentiment": "pos"
  },
  {
    "id": "c_0156",
    "author": "@KimonoNaVeia",
    "text": "foi garfado demais #Acaraje",
    "sentiment": "pos"
  },
  {
    "id": "c_0157",
    "author": "@KimonoNaVeia",
    "text": "foi garfado demais #NoGi",
    "sentiment": "pos"
  },
  {
    "id": "c_0158",
    "author": "@JiuJiteiroRaiz",
    "text": "tá virando lenda #Raspagem",
    "sentiment": "neu"
  },
  {
    "id": "c_0159",
    "author": "@FaixaMarromDaRua",
    "text": "treino não mente #Open",
    "sentiment": "neg"
  },
  {
    "id": "c_0160",
    "author": "@GuilhotinaClub",
    "text": "foi garfado demais #Treino",
    "sentiment": "pos"
  },
  {
    "id": "c_0161",
    "author": "@FaixaMarromDaRua",
    "text": "técnica limpa, respeito #Acaraje",
    "sentiment": "neu"
  },
  {
    "id": "c_0162",
    "author": "@FaixaMarromDaRua",
    "text": "foi garfado demais #Treino",
    "sentiment": "neg"
  },
  {
    "id": "c_0163",
    "author": "@GuilhotinaClub",
    "text": "pontuou bonito #Salvador",
    "sentiment": "pos"
  },
  {
    "id": "c_0164",
    "author": "@GuilhotinaClub",
    "text": "técnica limpa, respeito #Raspagem",
    "sentiment": "pos"
  },
  {
    "id": "c_0165",
    "author": "@FaixaMarromDaRua",
    "text": "cabeça fria, campeão #Open",
    "sentiment": "pos"
  },
  {
    "id": "c_0166",
    "author": "@FaixaMarromDaRua",
    "text": "tá virando lenda #MMA",
    "sentiment": "neg"
  },
  {
    "id": "c_0167",
    "author": "@FaixaMarromDaRua",
    "text": "na areia é outra pegada #Acaraje",
    "sentiment": "neg"
  },
  {
    "id": "c_0168",
    "author": "@GuilhotinaClub",
    "text": "técnica limpa, respeito #ChaveDeBraco",
    "sentiment": "neu"
  },
  {
    "id": "c_0169",
    "author": "@TorcidaSalvador",
    "text": "foi garfado demais #CriaDoTatame",
    "sentiment": "neu"
  },
  {
    "id": "c_0170",
    "author": "@GuilhotinaClub",
    "text": "na areia é outra pegada #ChaveDeBraco",
    "sentiment": "pos"
  },
  {
    "id": "c_0171",
    "author": "@KimonoNaVeia",
    "text": "cabeça fria, campeão #MMA",
    "sentiment": "neu"
  },
  {
    "id": "c_0172",
    "author": "@FaixaMarromDaRua",
    "text": "cabeça fria, campeão #Kimura",
    "sentiment": "pos"
  },
  {
    "id": "c_0173",
    "author": "@FaixaMarromDaRua",
    "text": "cabeça fria, campeão #Aleluyopolis",
    "sentiment": "neu"
  },
  {
    "id": "c_0174",
    "author": "@JiuJiteiroRaiz",
    "text": "treino não mente #NoGi",
    "sentiment": "pos"
  },
  {
    "id": "c_0175",
    "author": "@KimonoNaVeia",
    "text": "foi garfado demais #Faixa",
    "sentiment": "neu"
  },
  {
    "id": "c_0176",
    "author": "@GuilhotinaClub",
    "text": "quero ver ao vivo #Treino",
    "sentiment": "pos"
  },
  {
    "id": "c_0177",
    "author": "@FaixaMarromDaRua",
    "text": "isso é jiu-jitsu de verdade #Open",
    "sentiment": "pos"
  },
  {
    "id": "c_0178",
    "author": "@FaixaMarromDaRua",
    "text": "técnica limpa, respeito #TatameLive",
    "sentiment": "neu"
  },
  {
    "id": "c_0179",
    "author": "@TorcidaSalvador",
    "text": "na areia é outra pegada #Acaraje",
    "sentiment": "pos"
  },
  {
    "id": "c_0180",
    "author": "@TorcidaSalvador",
    "text": "na areia é outra pegada #TatameLive",
    "sentiment": "pos"
  },
  {
    "id": "c_0181",
    "author": "@TorcidaSalvador",
    "text": "treino não mente #Treino",
    "sentiment": "neg"
  },
  {
    "id": "c_0182",
    "author": "@TorcidaSalvador",
    "text": "foi garfado demais #TatameLive",
    "sentiment": "neg"
  },
  {
    "id": "c_0183",
    "author": "@FaixaMarromDaRua",
    "text": "isso é jiu-jitsu de verdade #Raspagem",
    "sentiment": "neu"
  },
  {
    "id": "c_0184",
    "author": "@GuilhotinaClub",
    "text": "cabeça fria, campeão #ChaveDeBraco",
    "sentiment": "neg"
  },
  {
    "id": "c_0185",
    "author": "@KimonoNaVeia",
    "text": "técnica limpa, respeito #MMA",
    "sentiment": "pos"
  },
  {
    "id": "c_0186",
    "author": "@KimonoNaVeia",
    "text": "quero ver ao vivo #MMA",
    "sentiment": "pos"
  },
  {
    "id": "c_0187",
    "author": "@FaixaMarromDaRua",
    "text": "na areia é outra pegada #Pressao",
    "sentiment": "pos"
  },
  {
    "id": "c_0188",
    "author": "@TorcidaSalvador",
    "text": "quero ver ao vivo #Kimura",
    "sentiment": "pos"
  },
  {
    "id": "c_0189",
    "author": "@GuilhotinaClub",
    "text": "treino não mente #Treino",
    "sentiment": "pos"
  },
  {
    "id": "c_0190",
    "author": "@FaixaMarromDaRua",
    "text": "isso é jiu-jitsu de verdade #Treino",
    "sentiment": "pos"
  },
  {
    "id": "c_0191",
    "author": "@TorcidaSalvador",
    "text": "esse rival só fala #Treino",
    "sentiment": "neu"
  },
  {
    "id": "c_0192",
    "author": "@TorcidaSalvador",
    "text": "esse rival só fala #NoGi",
    "sentiment": "pos"
  },
  {
    "id": "c_0193",
    "author": "@FaixaMarromDaRua",
    "text": "esse rival só fala #Raspagem",
    "sentiment": "pos"
  },
  {
    "id": "c_0194",
    "author": "@FaixaMarromDaRua",
    "text": "tá virando lenda #Pressao",
    "sentiment": "neu"
  },
  {
    "id": "c_0195",
    "author": "@KimonoNaVeia",
    "text": "técnica limpa, respeito #NoGi",
    "sentiment": "pos"
  },
  {
    "id": "c_0196",
    "author": "@KimonoNaVeia",
    "text": "treino não mente #Aleluyopolis",
    "sentiment": "pos"
  },
  {
    "id": "c_0197",
    "author": "@JiuJiteiroRaiz",
    "text": "tá virando lenda #TatameLive",
    "sentiment": "pos"
  },
  {
    "id": "c_0198",
    "author": "@TorcidaSalvador",
    "text": "pontuou bonito #JiuJitsu",
    "sentiment": "pos"
  },
  {
    "id": "c_0199",
    "author": "@KimonoNaVeia",
    "text": "tá virando lenda #TatameLive",
    "sentiment": "pos"
  },
  {
    "id": "c_0200",
    "author": "@GuilhotinaClub",
    "text": "na areia é outra pegada #NoGi",
    "sentiment": "neu"
  },
  {
    "id": "c_0201",
    "author": "@KimonoNaVeia",
    "text": "pontuou bonito #NoGi",
    "sentiment": "pos"
  },
  {
    "id": "c_0202",
    "author": "@TorcidaSalvador",
    "text": "isso é jiu-jitsu de verdade #Acaraje",
    "sentiment": "neu"
  },
  {
    "id": "c_0203",
    "author": "@FaixaMarromDaRua",
    "text": "quero ver ao vivo #AbuDhabi",
    "sentiment": "neu"
  },
  {
    "id": "c_0204",
    "author": "@JiuJiteiroRaiz",
    "text": "na areia é outra pegada #JiuJitsu",
    "sentiment": "neu"
  },
  {
    "id": "c_0205",
    "author": "@FaixaMarromDaRua",
    "text": "esse rival só fala #Final",
    "sentiment": "neu"
  },
  {
    "id": "c_0206",
    "author": "@JiuJiteiroRaiz",
    "text": "cabeça fria, campeão #Acaraje",
    "sentiment": "neu"
  },
  {
    "id": "c_0207",
    "author": "@TorcidaSalvador",
    "text": "na areia é outra pegada #Treino",
    "sentiment": "neu"
  },
  {
    "id": "c_0208",
    "author": "@GuilhotinaClub",
    "text": "cabeça fria, campeão #CriaDoTatame",
    "sentiment": "neg"
  },
  {
    "id": "c_0209",
    "author": "@JiuJiteiroRaiz",
    "text": "isso é jiu-jitsu de verdade #Queda",
    "sentiment": "neu"
  },
  {
    "id": "c_0210",
    "author": "@GuilhotinaClub",
    "text": "isso é jiu-jitsu de verdade #CriaDoTatame",
    "sentiment": "neu"
  },
  {
    "id": "c_0211",
    "author": "@JiuJiteiroRaiz",
    "text": "treino não mente #Pressao",
    "sentiment": "neu"
  },
  {
    "id": "c_0212",
    "author": "@FaixaMarromDaRua",
    "text": "quero ver ao vivo #TatameLive",
    "sentiment": "neg"
  },
  {
    "id": "c_0213",
    "author": "@JiuJiteiroRaiz",
    "text": "quero ver ao vivo #Final",
    "sentiment": "neu"
  },
  {
    "id": "c_0214",
    "author": "@KimonoNaVeia",
    "text": "foi garfado demais #Final",
    "sentiment": "pos"
  },
  {
    "id": "c_0215",
    "author": "@KimonoNaVeia",
    "text": "esse rival só fala #Faixa",
    "sentiment": "neg"
  },
  {
    "id": "c_0216",
    "author": "@GuilhotinaClub",
    "text": "esse rival só fala #AbuDhabi",
    "sentiment": "neu"
  },
  {
    "id": "c_0217",
    "author": "@FaixaMarromDaRua",
    "text": "técnica limpa, respeito #Pressao",
    "sentiment": "neg"
  },
  {
    "id": "c_0218",
    "author": "@TorcidaSalvador",
    "text": "isso é jiu-jitsu de verdade #Gi",
    "sentiment": "neu"
  },
  {
    "id": "c_0219",
    "author": "@TorcidaSalvador",
    "text": "esse rival só fala #TatameLive",
    "sentiment": "neg"
  },
  {
    "id": "c_0220",
    "author": "@FaixaMarromDaRua",
    "text": "foi garfado demais #Final",
    "sentiment": "neu"
  },
  {
    "id": "c_0221",
    "author": "@TorcidaSalvador",
    "text": "pontuou bonito #Raspagem",
    "sentiment": "pos"
  },
  {
    "id": "c_0222",
    "author": "@KimonoNaVeia",
    "text": "foi garfado demais #Acaraje",
    "sentiment": "pos"
  },
  {
    "id": "c_0223",
    "author": "@GuilhotinaClub",
    "text": "tá virando lenda #Pressao",
    "sentiment": "neu"
  },
  {
    "id": "c_0224",
    "author": "@GuilhotinaClub",
    "text": "foi garfado demais #TatameLive",
    "sentiment": "neu"
  },
  {
    "id": "c_0225",
    "author": "@FaixaMarromDaRua",
    "text": "quero ver ao vivo #Salvador",
    "sentiment": "neg"
  },
  {
    "id": "c_0226",
    "author": "@JiuJiteiroRaiz",
    "text": "quero ver ao vivo #Treino",
    "sentiment": "pos"
  },
  {
    "id": "c_0227",
    "author": "@GuilhotinaClub",
    "text": "cabeça fria, campeão #Acaraje",
    "sentiment": "pos"
  },
  {
    "id": "c_0228",
    "author": "@GuilhotinaClub",
    "text": "na areia é outra pegada #Pressao",
    "sentiment": "pos"
  },
  {
    "id": "c_0229",
    "author": "@FaixaMarromDaRua",
    "text": "foi garfado demais #Open",
    "sentiment": "neu"
  },
  {
    "id": "c_0230",
    "author": "@TorcidaSalvador",
    "text": "cabeça fria, campeão #Aleluyopolis",
    "sentiment": "pos"
  },
  {
    "id": "c_0231",
    "author": "@JiuJiteiroRaiz",
    "text": "treino não mente #NoGi",
    "sentiment": "neu"
  },
  {
    "id": "c_0232",
    "author": "@TorcidaSalvador",
    "text": "isso é jiu-jitsu de verdade #Faixa",
    "sentiment": "pos"
  },
  {
    "id": "c_0233",
    "author": "@JiuJiteiroRaiz",
    "text": "foi garfado demais #Triangulo",
    "sentiment": "pos"
  },
  {
    "id": "c_0234",
    "author": "@JiuJiteiroRaiz",
    "text": "foi garfado demais #AbuDhabi",
    "sentiment": "neg"
  },
  {
    "id": "c_0235",
    "author": "@KimonoNaVeia",
    "text": "treino não mente #Raspagem",
    "sentiment": "neu"
  },
  {
    "id": "c_0236",
    "author": "@KimonoNaVeia",
    "text": "foi garfado demais #Acaraje",
    "sentiment": "neg"
  },
  {
    "id": "c_0237",
    "author": "@TorcidaSalvador",
    "text": "foi garfado demais #Triangulo",
    "sentiment": "neu"
  },
  {
    "id": "c_0238",
    "author": "@TorcidaSalvador",
    "text": "isso é jiu-jitsu de verdade #JiuJitsu",
    "sentiment": "neu"
  },
  {
    "id": "c_0239",
    "author": "@GuilhotinaClub",
    "text": "tá virando lenda #NoGi",
    "sentiment": "neu"
  },
  {
    "id": "c_0240",
    "author": "@JiuJiteiroRaiz",
    "text": "cabeça fria, campeão #ChaveDeBraco",
    "sentiment": "neu"
  },
  {
    "id": "c_0241",
    "author": "@FaixaMarromDaRua",
    "text": "cabeça fria, campeão #Open",
    "sentiment": "neu"
  },
  {
    "id": "c_0242",
    "author": "@TorcidaSalvador",
    "text": "na areia é outra pegada #Kimura",
    "sentiment": "neg"
  },
  {
    "id": "c_0243",
    "author": "@KimonoNaVeia",
    "text": "pontuou bonito #Raspagem",
    "sentiment": "neu"
  },
  {
    "id": "c_0244",
    "author": "@TorcidaSalvador",
    "text": "cabeça fria, campeão #TatameLive",
    "sentiment": "neu"
  },
  {
    "id": "c_0245",
    "author": "@KimonoNaVeia",
    "text": "pontuou bonito #JiuJitsu",
    "sentiment": "neg"
  },
  {
    "id": "c_0246",
    "author": "@TorcidaSalvador",
    "text": "pontuou bonito #Treino",
    "sentiment": "pos"
  },
  {
    "id": "c_0247",
    "author": "@GuilhotinaClub",
    "text": "tá virando lenda #Treino",
    "sentiment": "neu"
  },
  {
    "id": "c_0248",
    "author": "@KimonoNaVeia",
    "text": "quero ver ao vivo #JiuJitsu",
    "sentiment": "pos"
  },
  {
    "id": "c_0249",
    "author": "@KimonoNaVeia",
    "text": "técnica limpa, respeito #Aleluyopolis",
    "sentiment": "pos"
  },
  {
    "id": "c_0250",
    "author": "@FaixaMarromDaRua",
    "text": "na areia é outra pegada #CriaDoTatame",
    "sentiment": "pos"
  },
  {
    "id": "c_0251",
    "author": "@FaixaMarromDaRua",
    "text": "isso é jiu-jitsu de verdade #Salvador",
    "sentiment": "pos"
  },
  {
    "id": "c_0252",
    "author": "@GuilhotinaClub",
    "text": "técnica limpa, respeito #AbuDhabi",
    "sentiment": "neu"
  },
  {
    "id": "c_0253",
    "author": "@KimonoNaVeia",
    "text": "na areia é outra pegada #CriaDoTatame",
    "sentiment": "neg"
  },
  {
    "id": "c_0254",
    "author": "@KimonoNaVeia",
    "text": "isso é jiu-jitsu de verdade #Kimura",
    "sentiment": "neu"
  },
  {
    "id": "c_0255",
    "author": "@JiuJiteiroRaiz",
    "text": "cabeça fria, campeão #MMA",
    "sentiment": "neu"
  },
  {
    "id": "c_0256",
    "author": "@FaixaMarromDaRua",
    "text": "pontuou bonito #Faixa",
    "sentiment": "pos"
  },
  {
    "id": "c_0257",
    "author": "@TorcidaSalvador",
    "text": "esse rival só fala #TatameLive",
    "sentiment": "neu"
  },
  {
    "id": "c_0258",
    "author": "@TorcidaSalvador",
    "text": "na areia é outra pegada #NoGi",
    "sentiment": "neu"
  },
  {
    "id": "c_0259",
    "author": "@FaixaMarromDaRua",
    "text": "esse rival só fala #Faixa",
    "sentiment": "pos"
  },
  {
    "id": "c_0260",
    "author": "@KimonoNaVeia",
    "text": "técnica limpa, respeito #JiuJitsu",
    "sentiment": "neu"
  },
  {
    "id": "c_0261",
    "author": "@TorcidaSalvador",
    "text": "treino não mente #Raspagem",
    "sentiment": "pos"
  },
  {
    "id": "c_0262",
    "author": "@JiuJiteiroRaiz",
    "text": "foi garfado demais #Pressao",
    "sentiment": "neu"
  },
  {
    "id": "c_0263",
    "author": "@GuilhotinaClub",
    "text": "na areia é outra pegada #Triangulo",
    "sentiment": "neu"
  },
  {
    "id": "c_0264",
    "author": "@GuilhotinaClub",
    "text": "treino não mente #Triangulo",
    "sentiment": "pos"
  },
  {
    "id": "c_0265",
    "author": "@KimonoNaVeia",
    "text": "isso é jiu-jitsu de verdade #Pressao",
    "sentiment": "pos"
  },
  {
    "id": "c_0266",
    "author": "@TorcidaSalvador",
    "text": "técnica limpa, respeito #Raspagem",
    "sentiment": "pos"
  },
  {
    "id": "c_0267",
    "author": "@FaixaMarromDaRua",
    "text": "pontuou bonito #Acaraje",
    "sentiment": "neu"
  },
  {
    "id": "c_0268",
    "author": "@GuilhotinaClub",
    "text": "isso é jiu-jitsu de verdade #Salvador",
    "sentiment": "pos"
  },
  {
    "id": "c_0269",
    "author": "@JiuJiteiroRaiz",
    "text": "esse rival só fala #Gi",
    "sentiment": "pos"
  },
  {
    "id": "c_0270",
    "author": "@KimonoNaVeia",
    "text": "treino não mente #ChaveDeBraco",
    "sentiment": "neg"
  },
  {
    "id": "c_0271",
    "author": "@JiuJiteiroRaiz",
    "text": "cabeça fria, campeão #Treino",
    "sentiment": "pos"
  },
  {
    "id": "c_0272",
    "author": "@GuilhotinaClub",
    "text": "esse rival só fala #Triangulo",
    "sentiment": "pos"
  },
  {
    "id": "c_0273",
    "author": "@FaixaMarromDaRua",
    "text": "técnica limpa, respeito #Final",
    "sentiment": "pos"
  },
  {
    "id": "c_0274",
    "author": "@KimonoNaVeia",
    "text": "quero ver ao vivo #ChaveDeBraco",
    "sentiment": "pos"
  },
  {
    "id": "c_0275",
    "author": "@FaixaMarromDaRua",
    "text": "esse rival só fala #ChaveDeBraco",
    "sentiment": "neu"
  },
  {
    "id": "c_0276",
    "author": "@KimonoNaVeia",
    "text": "esse rival só fala #Treino",
    "sentiment": "pos"
  },
  {
    "id": "c_0277",
    "author": "@GuilhotinaClub",
    "text": "foi garfado demais #Treino",
    "sentiment": "pos"
  },
  {
    "id": "c_0278",
    "author": "@KimonoNaVeia",
    "text": "pontuou bonito #MMA",
    "sentiment": "pos"
  },
  {
    "id": "c_0279",
    "author": "@KimonoNaVeia",
    "text": "quero ver ao vivo #TatameLive",
    "sentiment": "neu"
  },
  {
    "id": "c_0280",
    "author": "@FaixaMarromDaRua",
    "text": "tá virando lenda #Queda",
    "sentiment": "neg"
  },
  {
    "id": "c_0281",
    "author": "@TorcidaSalvador",
    "text": "técnica limpa, respeito #Triangulo",
    "sentiment": "pos"
  },
  {
    "id": "c_0282",
    "author": "@KimonoNaVeia",
    "text": "isso é jiu-jitsu de verdade #Gi",
    "sentiment": "neg"
  },
  {
    "id": "c_0283",
    "author": "@JiuJiteiroRaiz",
    "text": "técnica limpa, respeito #Final",
    "sentiment": "neu"
  },
  {
    "id": "c_0284",
    "author": "@TorcidaSalvador",
    "text": "foi garfado demais #AbuDhabi",
    "sentiment": "neg"
  },
  {
    "id": "c_0285",
    "author": "@TorcidaSalvador",
    "text": "pontuou bonito #Queda",
    "sentiment": "pos"
  },
  {
    "id": "c_0286",
    "author": "@JiuJiteiroRaiz",
    "text": "quero ver ao vivo #Pressao",
    "sentiment": "neu"
  },
  {
    "id": "c_0287",
    "author": "@KimonoNaVeia",
    "text": "cabeça fria, campeão #CriaDoTatame",
    "sentiment": "neu"
  },
  {
    "id": "c_0288",
    "author": "@TorcidaSalvador",
    "text": "na areia é outra pegada #Triangulo",
    "sentiment": "pos"
  },
  {
    "id": "c_0289",
    "author": "@GuilhotinaClub",
    "text": "pontuou bonito #Treino",
    "sentiment": "pos"
  },
  {
    "id": "c_0290",
    "author": "@KimonoNaVeia",
    "text": "na areia é outra pegada #Faixa",
    "sentiment": "neu"
  },
  {
    "id": "c_0291",
    "author": "@JiuJiteiroRaiz",
    "text": "cabeça fria, campeão #Faixa",
    "sentiment": "pos"
  },
  {
    "id": "c_0292",
    "author": "@KimonoNaVeia",
    "text": "isso é jiu-jitsu de verdade #AbuDhabi",
    "sentiment": "neg"
  },
  {
    "id": "c_0293",
    "author": "@FaixaMarromDaRua",
    "text": "técnica limpa, respeito #Acaraje",
    "sentiment": "neu"
  },
  {
    "id": "c_0294",
    "author": "@FaixaMarromDaRua",
    "text": "técnica limpa, respeito #JiuJitsu",
    "sentiment": "neu"
  },
  {
    "id": "c_0295",
    "author": "@GuilhotinaClub",
    "text": "foi garfado demais #Salvador",
    "sentiment": "pos"
  },
  {
    "id": "c_0296",
    "author": "@GuilhotinaClub",
    "text": "isso é jiu-jitsu de verdade #Gi",
    "sentiment": "neu"
  },
  {
    "id": "c_0297",
    "author": "@KimonoNaVeia",
    "text": "treino não mente #Treino",
    "sentiment": "neg"
  },
  {
    "id": "c_0298",
    "author": "@GuilhotinaClub",
    "text": "pontuou bonito #Triangulo",
    "sentiment": "pos"
  },
  {
    "id": "c_0299",
    "author": "@GuilhotinaClub",
    "text": "esse rival só fala #Triangulo",
    "sentiment": "pos"
  },
  {
    "id": "c_0300",
    "author": "@JiuJiteiroRaiz",
    "text": "técnica limpa, respeito #CriaDoTatame",
    "sentiment": "pos"
  },
  {
    "id": "c_0301",
    "author": "@FaixaMarromDaRua",
    "text": "isso é jiu-jitsu de verdade #Raspagem",
    "sentiment": "pos"
  },
  {
    "id": "c_0302",
    "author": "@JiuJiteiroRaiz",
    "text": "pontuou bonito #Salvador",
    "sentiment": "pos"
  },
  {
    "id": "c_0303",
    "author": "@JiuJiteiroRaiz",
    "text": "treino não mente #Raspagem",
    "sentiment": "neu"
  },
  {
    "id": "c_0304",
    "author": "@KimonoNaVeia",
    "text": "tá virando lenda #Aleluyopolis",
    "sentiment": "pos"
  },
  {
    "id": "c_0305",
    "author": "@KimonoNaVeia",
    "text": "quero ver ao vivo #TatameLive",
    "sentiment": "pos"
  },
  {
    "id": "c_0306",
    "author": "@JiuJiteiroRaiz",
    "text": "esse rival só fala #Salvador",
    "sentiment": "pos"
  },
  {
    "id": "c_0307",
    "author": "@GuilhotinaClub",
    "text": "cabeça fria, campeão #CriaDoTatame",
    "sentiment": "neu"
  },
  {
    "id": "c_0308",
    "author": "@TorcidaSalvador",
    "text": "tá virando lenda #AbuDhabi",
    "sentiment": "neu"
  },
  {
    "id": "c_0309",
    "author": "@FaixaMarromDaRua",
    "text": "cabeça fria, campeão #Faixa",
    "sentiment": "pos"
  },
  {
    "id": "c_0310",
    "author": "@FaixaMarromDaRua",
    "text": "treino não mente #AbuDhabi",
    "sentiment": "neg"
  },
  {
    "id": "c_0311",
    "author": "@GuilhotinaClub",
    "text": "pontuou bonito #Aleluyopolis",
    "sentiment": "pos"
  },
  {
    "id": "c_0312",
    "author": "@JiuJiteiroRaiz",
    "text": "isso é jiu-jitsu de verdade #Final",
    "sentiment": "pos"
  },
  {
    "id": "c_0313",
    "author": "@FaixaMarromDaRua",
    "text": "treino não mente #Triangulo",
    "sentiment": "pos"
  },
  {
    "id": "c_0314",
    "author": "@GuilhotinaClub",
    "text": "técnica limpa, respeito #Final",
    "sentiment": "neu"
  },
  {
    "id": "c_0315",
    "author": "@GuilhotinaClub",
    "text": "esse rival só fala #CriaDoTatame",
    "sentiment": "pos"
  },
  {
    "id": "c_0316",
    "author": "@JiuJiteiroRaiz",
    "text": "quero ver ao vivo #Open",
    "sentiment": "neg"
  },
  {
    "id": "c_0317",
    "author": "@KimonoNaVeia",
    "text": "técnica limpa, respeito #Salvador",
    "sentiment": "neu"
  },
  {
    "id": "c_0318",
    "author": "@JiuJiteiroRaiz",
    "text": "esse rival só fala #Final",
    "sentiment": "pos"
  },
  {
    "id": "c_0319",
    "author": "@KimonoNaVeia",
    "text": "isso é jiu-jitsu de verdade #AbuDhabi",
    "sentiment": "pos"
  },
  {
    "id": "c_0320",
    "author": "@JiuJiteiroRaiz",
    "text": "treino não mente #TatameLive",
    "sentiment": "neg"
  },
  {
    "id": "c_0321",
    "author": "@FaixaMarromDaRua",
    "text": "na areia é outra pegada #Acaraje",
    "sentiment": "neg"
  },
  {
    "id": "c_0322",
    "author": "@FaixaMarromDaRua",
    "text": "tá virando lenda #AbuDhabi",
    "sentiment": "neg"
  },
  {
    "id": "c_0323",
    "author": "@KimonoNaVeia",
    "text": "tá virando lenda #Pressao",
    "sentiment": "pos"
  },
  {
    "id": "c_0324",
    "author": "@GuilhotinaClub",
    "text": "treino não mente #NoGi",
    "sentiment": "pos"
  },
  {
    "id": "c_0325",
    "author": "@FaixaMarromDaRua",
    "text": "na areia é outra pegada #CriaDoTatame",
    "sentiment": "pos"
  },
  {
    "id": "c_0326",
    "author": "@FaixaMarromDaRua",
    "text": "esse rival só fala #NoGi",
    "sentiment": "neu"
  },
  {
    "id": "c_0327",
    "author": "@FaixaMarromDaRua",
    "text": "pontuou bonito #JiuJitsu",
    "sentiment": "neu"
  },
  {
    "id": "c_0328",
    "author": "@KimonoNaVeia",
    "text": "treino não mente #Acaraje",
    "sentiment": "pos"
  },
  {
    "id": "c_0329",
    "author": "@JiuJiteiroRaiz",
    "text": "quero ver ao vivo #Final",
    "sentiment": "pos"
  },
  {
    "id": "c_0330",
    "author": "@GuilhotinaClub",
    "text": "pontuou bonito #Acaraje",
    "sentiment": "pos"
  },
  {
    "id": "c_0331",
    "author": "@JiuJiteiroRaiz",
    "text": "pontuou bonito #NoGi",
    "sentiment": "pos"
  },
  {
    "id": "c_0332",
    "author": "@JiuJiteiroRaiz",
    "text": "técnica limpa, respeito #Queda",
    "sentiment": "neu"
  },
  {
    "id": "c_0333",
    "author": "@GuilhotinaClub",
    "text": "treino não mente #AbuDhabi",
    "sentiment": "pos"
  },
  {
    "id": "c_0334",
    "author": "@KimonoNaVeia",
    "text": "quero ver ao vivo #Faixa",
    "sentiment": "neg"
  },
  {
    "id": "c_0335",
    "author": "@GuilhotinaClub",
    "text": "esse rival só fala #AbuDhabi",
    "sentiment": "pos"
  },
  {
    "id": "c_0336",
    "author": "@JiuJiteiroRaiz",
    "text": "isso é jiu-jitsu de verdade #Faixa",
    "sentiment": "neu"
  },
  {
    "id": "c_0337",
    "author": "@KimonoNaVeia",
    "text": "cabeça fria, campeão #Kimura",
    "sentiment": "neu"
  },
  {
    "id": "c_0338",
    "author": "@KimonoNaVeia",
    "text": "treino não mente #Faixa",
    "sentiment": "pos"
  },
  {
    "id": "c_0339",
    "author": "@FaixaMarromDaRua",
    "text": "na areia é outra pegada #Treino",
    "sentiment": "pos"
  },
  {
    "id": "c_0340",
    "author": "@FaixaMarromDaRua",
    "text": "treino não mente #Acaraje",
    "sentiment": "pos"
  },
  {
    "id": "c_0341",
    "author": "@FaixaMarromDaRua",
    "text": "tá virando lenda #AbuDhabi",
    "sentiment": "pos"
  },
  {
    "id": "c_0342",
    "author": "@KimonoNaVeia",
    "text": "na areia é outra pegada #MMA",
    "sentiment": "pos"
  },
  {
    "id": "c_0343",
    "author": "@GuilhotinaClub",
    "text": "na areia é outra pegada #Faixa",
    "sentiment": "pos"
  },
  {
    "id": "c_0344",
    "author": "@KimonoNaVeia",
    "text": "cabeça fria, campeão #Final",
    "sentiment": "pos"
  },
  {
    "id": "c_0345",
    "author": "@GuilhotinaClub",
    "text": "esse rival só fala #NoGi",
    "sentiment": "neu"
  },
  {
    "id": "c_0346",
    "author": "@KimonoNaVeia",
    "text": "treino não mente #Triangulo",
    "sentiment": "neu"
  },
  {
    "id": "c_0347",
    "author": "@GuilhotinaClub",
    "text": "técnica limpa, respeito #Pressao",
    "sentiment": "pos"
  },
  {
    "id": "c_0348",
    "author": "@GuilhotinaClub",
    "text": "na areia é outra pegada #ChaveDeBraco",
    "sentiment": "pos"
  },
  {
    "id": "c_0349",
    "author": "@GuilhotinaClub",
    "text": "tá virando lenda #Open",
    "sentiment": "neu"
  },
  {
    "id": "c_0350",
    "author": "@JiuJiteiroRaiz",
    "text": "treino não mente #CriaDoTatame",
    "sentiment": "pos"
  },
  {
    "id": "c_0351",
    "author": "@TorcidaSalvador",
    "text": "cabeça fria, campeão #Open",
    "sentiment": "pos"
  },
  {
    "id": "c_0352",
    "author": "@GuilhotinaClub",
    "text": "técnica limpa, respeito #AbuDhabi",
    "sentiment": "neg"
  },
  {
    "id": "c_0353",
    "author": "@GuilhotinaClub",
    "text": "pontuou bonito #Gi",
    "sentiment": "pos"
  },
  {
    "id": "c_0354",
    "author": "@FaixaMarromDaRua",
    "text": "cabeça fria, campeão #Raspagem",
    "sentiment": "pos"
  },
  {
    "id": "c_0355",
    "author": "@GuilhotinaClub",
    "text": "foi garfado demais #Raspagem",
    "sentiment": "neu"
  },
  {
    "id": "c_0356",
    "author": "@GuilhotinaClub",
    "text": "técnica limpa, respeito #Salvador",
    "sentiment": "pos"
  },
  {
    "id": "c_0357",
    "author": "@JiuJiteiroRaiz",
    "text": "na areia é outra pegada #TatameLive",
    "sentiment": "neu"
  },
  {
    "id": "c_0358",
    "author": "@TorcidaSalvador",
    "text": "pontuou bonito #Final",
    "sentiment": "neu"
  },
  {
    "id": "c_0359",
    "author": "@FaixaMarromDaRua",
    "text": "na areia é outra pegada #Kimura",
    "sentiment": "neu"
  },
  {
    "id": "c_0360",
    "author": "@JiuJiteiroRaiz",
    "text": "cabeça fria, campeão #NoGi",
    "sentiment": "neg"
  },
  {
    "id": "c_0361",
    "author": "@KimonoNaVeia",
    "text": "isso é jiu-jitsu de verdade #Salvador",
    "sentiment": "pos"
  },
  {
    "id": "c_0362",
    "author": "@GuilhotinaClub",
    "text": "cabeça fria, campeão #Raspagem",
    "sentiment": "neg"
  },
  {
    "id": "c_0363",
    "author": "@JiuJiteiroRaiz",
    "text": "pontuou bonito #Kimura",
    "sentiment": "pos"
  },
  {
    "id": "c_0364",
    "author": "@FaixaMarromDaRua",
    "text": "pontuou bonito #Salvador",
    "sentiment": "neu"
  },
  {
    "id": "c_0365",
    "author": "@TorcidaSalvador",
    "text": "treino não mente #Treino",
    "sentiment": "neu"
  },
  {
    "id": "c_0366",
    "author": "@TorcidaSalvador",
    "text": "pontuou bonito #Raspagem",
    "sentiment": "pos"
  },
  {
    "id": "c_0367",
    "author": "@GuilhotinaClub",
    "text": "esse rival só fala #Acaraje",
    "sentiment": "pos"
  },
  {
    "id": "c_0368",
    "author": "@JiuJiteiroRaiz",
    "text": "cabeça fria, campeão #Gi",
    "sentiment": "neg"
  },
  {
    "id": "c_0369",
    "author": "@JiuJiteiroRaiz",
    "text": "cabeça fria, campeão #ChaveDeBraco",
    "sentiment": "pos"
  },
  {
    "id": "c_0370",
    "author": "@TorcidaSalvador",
    "text": "quero ver ao vivo #Aleluyopolis",
    "sentiment": "neu"
  },
  {
    "id": "c_0371",
    "author": "@KimonoNaVeia",
    "text": "treino não mente #Raspagem",
    "sentiment": "pos"
  },
  {
    "id": "c_0372",
    "author": "@KimonoNaVeia",
    "text": "técnica limpa, respeito #Queda",
    "sentiment": "pos"
  },
  {
    "id": "c_0373",
    "author": "@KimonoNaVeia",
    "text": "na areia é outra pegada #Salvador",
    "sentiment": "pos"
  },
  {
    "id": "c_0374",
    "author": "@FaixaMarromDaRua",
    "text": "esse rival só fala #TatameLive",
    "sentiment": "neg"
  },
  {
    "id": "c_0375",
    "author": "@FaixaMarromDaRua",
    "text": "treino não mente #Final",
    "sentiment": "pos"
  },
  {
    "id": "c_0376",
    "author": "@TorcidaSalvador",
    "text": "técnica limpa, respeito #Pressao",
    "sentiment": "pos"
  },
  {
    "id": "c_0377",
    "author": "@FaixaMarromDaRua",
    "text": "na areia é outra pegada #Kimura",
    "sentiment": "neu"
  },
  {
    "id": "c_0378",
    "author": "@TorcidaSalvador",
    "text": "cabeça fria, campeão #ChaveDeBraco",
    "sentiment": "neu"
  },
  {
    "id": "c_0379",
    "author": "@FaixaMarromDaRua",
    "text": "esse rival só fala #Faixa",
    "sentiment": "pos"
  },
  {
    "id": "c_0380",
    "author": "@KimonoNaVeia",
    "text": "foi garfado demais #Raspagem",
    "sentiment": "neu"
  },
  {
    "id": "c_0381",
    "author": "@GuilhotinaClub",
    "text": "isso é jiu-jitsu de verdade #Raspagem",
    "sentiment": "pos"
  },
  {
    "id": "c_0382",
    "author": "@KimonoNaVeia",
    "text": "quero ver ao vivo #Pressao",
    "sentiment": "neg"
  },
  {
    "id": "c_0383",
    "author": "@KimonoNaVeia",
    "text": "treino não mente #Acaraje",
    "sentiment": "pos"
  },
  {
    "id": "c_0384",
    "author": "@KimonoNaVeia",
    "text": "esse rival só fala #AbuDhabi",
    "sentiment": "neu"
  },
  {
    "id": "c_0385",
    "author": "@JiuJiteiroRaiz",
    "text": "pontuou bonito #Final",
    "sentiment": "pos"
  },
  {
    "id": "c_0386",
    "author": "@JiuJiteiroRaiz",
    "text": "técnica limpa, respeito #Treino",
    "sentiment": "neu"
  },
  {
    "id": "c_0387",
    "author": "@GuilhotinaClub",
    "text": "foi garfado demais #TatameLive",
    "sentiment": "pos"
  },
  {
    "id": "c_0388",
    "author": "@GuilhotinaClub",
    "text": "treino não mente #NoGi",
    "sentiment": "neu"
  },
  {
    "id": "c_0389",
    "author": "@TorcidaSalvador",
    "text": "quero ver ao vivo #JiuJitsu",
    "sentiment": "neu"
  },
  {
    "id": "c_0390",
    "author": "@GuilhotinaClub",
    "text": "foi garfado demais #MMA",
    "sentiment": "neg"
  },
  {
    "id": "c_0391",
    "author": "@KimonoNaVeia",
    "text": "tá virando lenda #MMA",
    "sentiment": "pos"
  },
  {
    "id": "c_0392",
    "author": "@GuilhotinaClub",
    "text": "pontuou bonito #Aleluyopolis",
    "sentiment": "neu"
  },
  {
    "id": "c_0393",
    "author": "@FaixaMarromDaRua",
    "text": "esse rival só fala #JiuJitsu",
    "sentiment": "neu"
  },
  {
    "id": "c_0394",
    "author": "@TorcidaSalvador",
    "text": "quero ver ao vivo #ChaveDeBraco",
    "sentiment": "pos"
  },
  {
    "id": "c_0395",
    "author": "@KimonoNaVeia",
    "text": "foi garfado demais #ChaveDeBraco",
    "sentiment": "pos"
  },
  {
    "id": "c_0396",
    "author": "@JiuJiteiroRaiz",
    "text": "isso é jiu-jitsu de verdade #TatameLive",
    "sentiment": "pos"
  },
  {
    "id": "c_0397",
    "author": "@GuilhotinaClub",
    "text": "técnica limpa, respeito #Open",
    "sentiment": "pos"
  },
  {
    "id": "c_0398",
    "author": "@JiuJiteiroRaiz",
    "text": "cabeça fria, campeão #JiuJitsu",
    "sentiment": "pos"
  },
  {
    "id": "c_0399",
    "author": "@TorcidaSalvador",
    "text": "esse rival só fala #CriaDoTatame",
    "sentiment": "neu"
  },
  {
    "id": "c_0400",
    "author": "@TorcidaSalvador",
    "text": "técnica limpa, respeito #Open",
    "sentiment": "pos"
  },
  {
    "id": "c_0401",
    "author": "@KimonoNaVeia",
    "text": "esse rival só fala #Final",
    "sentiment": "neu"
  },
  {
    "id": "c_0402",
    "author": "@FaixaMarromDaRua",
    "text": "esse rival só fala #Treino",
    "sentiment": "neu"
  },
  {
    "id": "c_0403",
    "author": "@JiuJiteiroRaiz",
    "text": "isso é jiu-jitsu de verdade #Aleluyopolis",
    "sentiment": "pos"
  },
  {
    "id": "c_0404",
    "author": "@GuilhotinaClub",
    "text": "quero ver ao vivo #Aleluyopolis",
    "sentiment": "neu"
  },
  {
    "id": "c_0405",
    "author": "@GuilhotinaClub",
    "text": "cabeça fria, campeão #Pressao",
    "sentiment": "pos"
  },
  {
    "id": "c_0406",
    "author": "@JiuJiteiroRaiz",
    "text": "técnica limpa, respeito #Aleluyopolis",
    "sentiment": "pos"
  },
  {
    "id": "c_0407",
    "author": "@JiuJiteiroRaiz",
    "text": "foi garfado demais #Pressao",
    "sentiment": "neg"
  },
  {
    "id": "c_0408",
    "author": "@FaixaMarromDaRua",
    "text": "quero ver ao vivo #Queda",
    "sentiment": "pos"
  },
  {
    "id": "c_0409",
    "author": "@GuilhotinaClub",
    "text": "esse rival só fala #Treino",
    "sentiment": "neg"
  },
  {
    "id": "c_0410",
    "author": "@JiuJiteiroRaiz",
    "text": "pontuou bonito #Triangulo",
    "sentiment": "neu"
  },
  {
    "id": "c_0411",
    "author": "@GuilhotinaClub",
    "text": "foi garfado demais #NoGi",
    "sentiment": "neu"
  },
  {
    "id": "c_0412",
    "author": "@FaixaMarromDaRua",
    "text": "tá virando lenda #Raspagem",
    "sentiment": "pos"
  },
  {
    "id": "c_0413",
    "author": "@TorcidaSalvador",
    "text": "foi garfado demais #Kimura",
    "sentiment": "pos"
  },
  {
    "id": "c_0414",
    "author": "@KimonoNaVeia",
    "text": "quero ver ao vivo #AbuDhabi",
    "sentiment": "pos"
  },
  {
    "id": "c_0415",
    "author": "@JiuJiteiroRaiz",
    "text": "esse rival só fala #TatameLive",
    "sentiment": "pos"
  },
  {
    "id": "c_0416",
    "author": "@JiuJiteiroRaiz",
    "text": "cabeça fria, campeão #Raspagem",
    "sentiment": "neg"
  },
  {
    "id": "c_0417",
    "author": "@FaixaMarromDaRua",
    "text": "isso é jiu-jitsu de verdade #Open",
    "sentiment": "pos"
  },
  {
    "id": "c_0418",
    "author": "@KimonoNaVeia",
    "text": "quero ver ao vivo #CriaDoTatame",
    "sentiment": "pos"
  },
  {
    "id": "c_0419",
    "author": "@TorcidaSalvador",
    "text": "tá virando lenda #Queda",
    "sentiment": "pos"
  },
  {
    "id": "c_0420",
    "author": "@FaixaMarromDaRua",
    "text": "na areia é outra pegada #Raspagem",
    "sentiment": "neu"
  },
  {
    "id": "c_0421",
    "author": "@TorcidaSalvador",
    "text": "técnica limpa, respeito #CriaDoTatame",
    "sentiment": "pos"
  },
  {
    "id": "c_0422",
    "author": "@FaixaMarromDaRua",
    "text": "tá virando lenda #MMA",
    "sentiment": "pos"
  },
  {
    "id": "c_0423",
    "author": "@KimonoNaVeia",
    "text": "isso é jiu-jitsu de verdade #Aleluyopolis",
    "sentiment": "neu"
  },
  {
    "id": "c_0424",
    "author": "@JiuJiteiroRaiz",
    "text": "isso é jiu-jitsu de verdade #ChaveDeBraco",
    "sentiment": "neu"
  },
  {
    "id": "c_0425",
    "author": "@GuilhotinaClub",
    "text": "pontuou bonito #Faixa",
    "sentiment": "neu"
  },
  {
    "id": "c_0426",
    "author": "@KimonoNaVeia",
    "text": "esse rival só fala #AbuDhabi",
    "sentiment": "neu"
  },
  {
    "id": "c_0427",
    "author": "@KimonoNaVeia",
    "text": "tá virando lenda #Queda",
    "sentiment": "neu"
  },
  {
    "id": "c_0428",
    "author": "@JiuJiteiroRaiz",
    "text": "cabeça fria, campeão #NoGi",
    "sentiment": "pos"
  },
  {
    "id": "c_0429",
    "author": "@JiuJiteiroRaiz",
    "text": "esse rival só fala #Raspagem",
    "sentiment": "neg"
  },
  {
    "id": "c_0430",
    "author": "@GuilhotinaClub",
    "text": "na areia é outra pegada #TatameLive",
    "sentiment": "neu"
  },
  {
    "id": "c_0431",
    "author": "@GuilhotinaClub",
    "text": "quero ver ao vivo #CriaDoTatame",
    "sentiment": "pos"
  },
  {
    "id": "c_0432",
    "author": "@KimonoNaVeia",
    "text": "cabeça fria, campeão #MMA",
    "sentiment": "pos"
  },
  {
    "id": "c_0433",
    "author": "@JiuJiteiroRaiz",
    "text": "esse rival só fala #Gi",
    "sentiment": "pos"
  },
  {
    "id": "c_0434",
    "author": "@TorcidaSalvador",
    "text": "cabeça fria, campeão #Aleluyopolis",
    "sentiment": "neu"
  },
  {
    "id": "c_0435",
    "author": "@JiuJiteiroRaiz",
    "text": "cabeça fria, campeão #TatameLive",
    "sentiment": "pos"
  },
  {
    "id": "c_0436",
    "author": "@KimonoNaVeia",
    "text": "esse rival só fala #MMA",
    "sentiment": "neg"
  },
  {
    "id": "c_0437",
    "author": "@GuilhotinaClub",
    "text": "cabeça fria, campeão #JiuJitsu",
    "sentiment": "neu"
  },
  {
    "id": "c_0438",
    "author": "@KimonoNaVeia",
    "text": "isso é jiu-jitsu de verdade #Raspagem",
    "sentiment": "pos"
  },
  {
    "id": "c_0439",
    "author": "@FaixaMarromDaRua",
    "text": "tá virando lenda #Acaraje",
    "sentiment": "neu"
  },
  {
    "id": "c_0440",
    "author": "@KimonoNaVeia",
    "text": "isso é jiu-jitsu de verdade #Final",
    "sentiment": "neg"
  },
  {
    "id": "c_0441",
    "author": "@KimonoNaVeia",
    "text": "técnica limpa, respeito #JiuJitsu",
    "sentiment": "neg"
  },
  {
    "id": "c_0442",
    "author": "@FaixaMarromDaRua",
    "text": "cabeça fria, campeão #TatameLive",
    "sentiment": "pos"
  },
  {
    "id": "c_0443",
    "author": "@JiuJiteiroRaiz",
    "text": "técnica limpa, respeito #Final",
    "sentiment": "pos"
  },
  {
    "id": "c_0444",
    "author": "@GuilhotinaClub",
    "text": "foi garfado demais #Salvador",
    "sentiment": "neu"
  },
  {
    "id": "c_0445",
    "author": "@FaixaMarromDaRua",
    "text": "foi garfado demais #Salvador",
    "sentiment": "pos"
  },
  {
    "id": "c_0446",
    "author": "@KimonoNaVeia",
    "text": "na areia é outra pegada #Queda",
    "sentiment": "pos"
  },
  {
    "id": "c_0447",
    "author": "@TorcidaSalvador",
    "text": "tá virando lenda #Triangulo",
    "sentiment": "neu"
  },
  {
    "id": "c_0448",
    "author": "@JiuJiteiroRaiz",
    "text": "treino não mente #MMA",
    "sentiment": "pos"
  },
  {
    "id": "c_0449",
    "author": "@TorcidaSalvador",
    "text": "esse rival só fala #Triangulo",
    "sentiment": "pos"
  },
  {
    "id": "c_0450",
    "author": "@FaixaMarromDaRua",
    "text": "isso é jiu-jitsu de verdade #Salvador",
    "sentiment": "neu"
  },
  {
    "id": "c_0451",
    "author": "@GuilhotinaClub",
    "text": "pontuou bonito #TatameLive",
    "sentiment": "pos"
  },
  {
    "id": "c_0452",
    "author": "@FaixaMarromDaRua",
    "text": "tá virando lenda #Open",
    "sentiment": "neu"
  },
  {
    "id": "c_0453",
    "author": "@JiuJiteiroRaiz",
    "text": "esse rival só fala #Gi",
    "sentiment": "neu"
  },
  {
    "id": "c_0454",
    "author": "@FaixaMarromDaRua",
    "text": "tá virando lenda #AbuDhabi",
    "sentiment": "pos"
  },
  {
    "id": "c_0455",
    "author": "@KimonoNaVeia",
    "text": "pontuou bonito #MMA",
    "sentiment": "neu"
  },
  {
    "id": "c_0456",
    "author": "@FaixaMarromDaRua",
    "text": "cabeça fria, campeão #MMA",
    "sentiment": "neg"
  },
  {
    "id": "c_0457",
    "author": "@FaixaMarromDaRua",
    "text": "cabeça fria, campeão #NoGi",
    "sentiment": "pos"
  },
  {
    "id": "c_0458",
    "author": "@FaixaMarromDaRua",
    "text": "na areia é outra pegada #NoGi",
    "sentiment": "neu"
  },
  {
    "id": "c_0459",
    "author": "@GuilhotinaClub",
    "text": "pontuou bonito #Raspagem",
    "sentiment": "neu"
  },
  {
    "id": "c_0460",
    "author": "@TorcidaSalvador",
    "text": "pontuou bonito #Salvador",
    "sentiment": "neu"
  },
  {
    "id": "c_0461",
    "author": "@KimonoNaVeia",
    "text": "isso é jiu-jitsu de verdade #Final",
    "sentiment": "pos"
  },
  {
    "id": "c_0462",
    "author": "@TorcidaSalvador",
    "text": "tá virando lenda #Queda",
    "sentiment": "pos"
  },
  {
    "id": "c_0463",
    "author": "@KimonoNaVeia",
    "text": "cabeça fria, campeão #TatameLive",
    "sentiment": "neu"
  },
  {
    "id": "c_0464",
    "author": "@KimonoNaVeia",
    "text": "treino não mente #Raspagem",
    "sentiment": "pos"
  },
  {
    "id": "c_0465",
    "author": "@JiuJiteiroRaiz",
    "text": "esse rival só fala #Acaraje",
    "sentiment": "neu"
  },
  {
    "id": "c_0466",
    "author": "@TorcidaSalvador",
    "text": "quero ver ao vivo #Raspagem",
    "sentiment": "pos"
  },
  {
    "id": "c_0467",
    "author": "@JiuJiteiroRaiz",
    "text": "cabeça fria, campeão #Triangulo",
    "sentiment": "neu"
  },
  {
    "id": "c_0468",
    "author": "@KimonoNaVeia",
    "text": "técnica limpa, respeito #Aleluyopolis",
    "sentiment": "neu"
  },
  {
    "id": "c_0469",
    "author": "@KimonoNaVeia",
    "text": "pontuou bonito #Queda",
    "sentiment": "pos"
  },
  {
    "id": "c_0470",
    "author": "@JiuJiteiroRaiz",
    "text": "na areia é outra pegada #NoGi",
    "sentiment": "pos"
  },
  {
    "id": "c_0471",
    "author": "@JiuJiteiroRaiz",
    "text": "cabeça fria, campeão #Triangulo",
    "sentiment": "neg"
  },
  {
    "id": "c_0472",
    "author": "@GuilhotinaClub",
    "text": "cabeça fria, campeão #Kimura",
    "sentiment": "neg"
  },
  {
    "id": "c_0473",
    "author": "@GuilhotinaClub",
    "text": "na areia é outra pegada #Pressao",
    "sentiment": "pos"
  },
  {
    "id": "c_0474",
    "author": "@FaixaMarromDaRua",
    "text": "pontuou bonito #ChaveDeBraco",
    "sentiment": "pos"
  },
  {
    "id": "c_0475",
    "author": "@JiuJiteiroRaiz",
    "text": "esse rival só fala #Aleluyopolis",
    "sentiment": "neu"
  },
  {
    "id": "c_0476",
    "author": "@KimonoNaVeia",
    "text": "foi garfado demais #Open",
    "sentiment": "neg"
  },
  {
    "id": "c_0477",
    "author": "@TorcidaSalvador",
    "text": "foi garfado demais #Treino",
    "sentiment": "neu"
  },
  {
    "id": "c_0478",
    "author": "@FaixaMarromDaRua",
    "text": "isso é jiu-jitsu de verdade #MMA",
    "sentiment": "pos"
  },
  {
    "id": "c_0479",
    "author": "@KimonoNaVeia",
    "text": "cabeça fria, campeão #Gi",
    "sentiment": "neu"
  },
  {
    "id": "c_0480",
    "author": "@FaixaMarromDaRua",
    "text": "pontuou bonito #Gi",
    "sentiment": "neu"
  },
  {
    "id": "c_0481",
    "author": "@GuilhotinaClub",
    "text": "quero ver ao vivo #TatameLive",
    "sentiment": "pos"
  },
  {
    "id": "c_0482",
    "author": "@GuilhotinaClub",
    "text": "esse rival só fala #Queda",
    "sentiment": "pos"
  },
  {
    "id": "c_0483",
    "author": "@GuilhotinaClub",
    "text": "cabeça fria, campeão #Final",
    "sentiment": "neu"
  },
  {
    "id": "c_0484",
    "author": "@TorcidaSalvador",
    "text": "esse rival só fala #Raspagem",
    "sentiment": "neu"
  },
  {
    "id": "c_0485",
    "author": "@KimonoNaVeia",
    "text": "isso é jiu-jitsu de verdade #NoGi",
    "sentiment": "neu"
  },
  {
    "id": "c_0486",
    "author": "@FaixaMarromDaRua",
    "text": "esse rival só fala #Faixa",
    "sentiment": "neg"
  },
  {
    "id": "c_0487",
    "author": "@FaixaMarromDaRua",
    "text": "pontuou bonito #Kimura",
    "sentiment": "pos"
  },
  {
    "id": "c_0488",
    "author": "@TorcidaSalvador",
    "text": "tá virando lenda #Aleluyopolis",
    "sentiment": "neu"
  },
  {
    "id": "c_0489",
    "author": "@FaixaMarromDaRua",
    "text": "na areia é outra pegada #Gi",
    "sentiment": "neu"
  },
  {
    "id": "c_0490",
    "author": "@KimonoNaVeia",
    "text": "cabeça fria, campeão #CriaDoTatame",
    "sentiment": "pos"
  },
  {
    "id": "c_0491",
    "author": "@TorcidaSalvador",
    "text": "na areia é outra pegada #AbuDhabi",
    "sentiment": "neg"
  },
  {
    "id": "c_0492",
    "author": "@JiuJiteiroRaiz",
    "text": "quero ver ao vivo #Pressao",
    "sentiment": "neu"
  },
  {
    "id": "c_0493",
    "author": "@FaixaMarromDaRua",
    "text": "isso é jiu-jitsu de verdade #Aleluyopolis",
    "sentiment": "pos"
  },
  {
    "id": "c_0494",
    "author": "@GuilhotinaClub",
    "text": "esse rival só fala #MMA",
    "sentiment": "neg"
  },
  {
    "id": "c_0495",
    "author": "@FaixaMarromDaRua",
    "text": "técnica limpa, respeito #Aleluyopolis",
    "sentiment": "neu"
  },
  {
    "id": "c_0496",
    "author": "@FaixaMarromDaRua",
    "text": "quero ver ao vivo #ChaveDeBraco",
    "sentiment": "pos"
  },
  {
    "id": "c_0497",
    "author": "@JiuJiteiroRaiz",
    "text": "treino não mente #TatameLive",
    "sentiment": "pos"
  },
  {
    "id": "c_0498",
    "author": "@GuilhotinaClub",
    "text": "esse rival só fala #Faixa",
    "sentiment": "neu"
  },
  {
    "id": "c_0499",
    "author": "@TorcidaSalvador",
    "text": "na areia é outra pegada #Queda",
    "sentiment": "pos"
  },
  {
    "id": "c_0500",
    "author": "@KimonoNaVeia",
    "text": "técnica limpa, respeito #Treino",
    "sentiment": "pos"
  },
  {
    "id": "c_0501",
    "author": "@KimonoNaVeia",
    "text": "quero ver ao vivo #Pressao",
    "sentiment": "neu"
  },
  {
    "id": "c_0502",
    "author": "@FaixaMarromDaRua",
    "text": "esse rival só fala #Queda",
    "sentiment": "neu"
  },
  {
    "id": "c_0503",
    "author": "@KimonoNaVeia",
    "text": "tá virando lenda #Triangulo",
    "sentiment": "pos"
  },
  {
    "id": "c_0504",
    "author": "@KimonoNaVeia",
    "text": "técnica limpa, respeito #TatameLive",
    "sentiment": "neu"
  },
  {
    "id": "c_0505",
    "author": "@FaixaMarromDaRua",
    "text": "isso é jiu-jitsu de verdade #Triangulo",
    "sentiment": "neu"
  },
  {
    "id": "c_0506",
    "author": "@TorcidaSalvador",
    "text": "tá virando lenda #Open",
    "sentiment": "neg"
  },
  {
    "id": "c_0507",
    "author": "@FaixaMarromDaRua",
    "text": "pontuou bonito #MMA",
    "sentiment": "neg"
  },
  {
    "id": "c_0508",
    "author": "@FaixaMarromDaRua",
    "text": "treino não mente #Pressao",
    "sentiment": "neu"
  },
  {
    "id": "c_0509",
    "author": "@TorcidaSalvador",
    "text": "tá virando lenda #Gi",
    "sentiment": "neu"
  },
  {
    "id": "c_0510",
    "author": "@TorcidaSalvador",
    "text": "quero ver ao vivo #Raspagem",
    "sentiment": "neg"
  },
  {
    "id": "c_0511",
    "author": "@KimonoNaVeia",
    "text": "na areia é outra pegada #Triangulo",
    "sentiment": "neu"
  },
  {
    "id": "c_0512",
    "author": "@JiuJiteiroRaiz",
    "text": "pontuou bonito #Treino",
    "sentiment": "pos"
  },
  {
    "id": "c_0513",
    "author": "@JiuJiteiroRaiz",
    "text": "quero ver ao vivo #ChaveDeBraco",
    "sentiment": "neg"
  },
  {
    "id": "c_0514",
    "author": "@GuilhotinaClub",
    "text": "treino não mente #Acaraje",
    "sentiment": "neu"
  },
  {
    "id": "c_0515",
    "author": "@KimonoNaVeia",
    "text": "na areia é outra pegada #TatameLive",
    "sentiment": "neg"
  },
  {
    "id": "c_0516",
    "author": "@FaixaMarromDaRua",
    "text": "pontuou bonito #Raspagem",
    "sentiment": "pos"
  },
  {
    "id": "c_0517",
    "author": "@GuilhotinaClub",
    "text": "foi garfado demais #Salvador",
    "sentiment": "pos"
  },
  {
    "id": "c_0518",
    "author": "@GuilhotinaClub",
    "text": "na areia é outra pegada #CriaDoTatame",
    "sentiment": "neg"
  },
  {
    "id": "c_0519",
    "author": "@FaixaMarromDaRua",
    "text": "técnica limpa, respeito #Acaraje",
    "sentiment": "neu"
  },
  {
    "id": "c_0520",
    "author": "@KimonoNaVeia",
    "text": "tá virando lenda #TatameLive",
    "sentiment": "neg"
  },
  {
    "id": "c_0521",
    "author": "@GuilhotinaClub",
    "text": "técnica limpa, respeito #AbuDhabi",
    "sentiment": "pos"
  },
  {
    "id": "c_0522",
    "author": "@GuilhotinaClub",
    "text": "esse rival só fala #Gi",
    "sentiment": "neu"
  },
  {
    "id": "c_0523",
    "author": "@FaixaMarromDaRua",
    "text": "foi garfado demais #Faixa",
    "sentiment": "pos"
  },
  {
    "id": "c_0524",
    "author": "@FaixaMarromDaRua",
    "text": "foi garfado demais #Open",
    "sentiment": "pos"
  },
  {
    "id": "c_0525",
    "author": "@KimonoNaVeia",
    "text": "treino não mente #Acaraje",
    "sentiment": "pos"
  },
  {
    "id": "c_0526",
    "author": "@TorcidaSalvador",
    "text": "técnica limpa, respeito #Queda",
    "sentiment": "neu"
  },
  {
    "id": "c_0527",
    "author": "@KimonoNaVeia",
    "text": "foi garfado demais #MMA",
    "sentiment": "pos"
  },
  {
    "id": "c_0528",
    "author": "@JiuJiteiroRaiz",
    "text": "esse rival só fala #Faixa",
    "sentiment": "neg"
  },
  {
    "id": "c_0529",
    "author": "@GuilhotinaClub",
    "text": "tá virando lenda #Pressao",
    "sentiment": "pos"
  },
  {
    "id": "c_0530",
    "author": "@JiuJiteiroRaiz",
    "text": "cabeça fria, campeão #Triangulo",
    "sentiment": "pos"
  },
  {
    "id": "c_0531",
    "author": "@GuilhotinaClub",
    "text": "foi garfado demais #AbuDhabi",
    "sentiment": "pos"
  },
  {
    "id": "c_0532",
    "author": "@TorcidaSalvador",
    "text": "esse rival só fala #Final",
    "sentiment": "pos"
  },
  {
    "id": "c_0533",
    "author": "@GuilhotinaClub",
    "text": "esse rival só fala #Queda",
    "sentiment": "pos"
  },
  {
    "id": "c_0534",
    "author": "@FaixaMarromDaRua",
    "text": "esse rival só fala #Aleluyopolis",
    "sentiment": "neu"
  },
  {
    "id": "c_0535",
    "author": "@TorcidaSalvador",
    "text": "foi garfado demais #JiuJitsu",
    "sentiment": "neu"
  },
  {
    "id": "c_0536",
    "author": "@FaixaMarromDaRua",
    "text": "isso é jiu-jitsu de verdade #Faixa",
    "sentiment": "neg"
  },
  {
    "id": "c_0537",
    "author": "@KimonoNaVeia",
    "text": "treino não mente #Queda",
    "sentiment": "neu"
  },
  {
    "id": "c_0538",
    "author": "@GuilhotinaClub",
    "text": "isso é jiu-jitsu de verdade #ChaveDeBraco",
    "sentiment": "pos"
  },
  {
    "id": "c_0539",
    "author": "@TorcidaSalvador",
    "text": "foi garfado demais #Acaraje",
    "sentiment": "pos"
  },
  {
    "id": "c_0540",
    "author": "@FaixaMarromDaRua",
    "text": "treino não mente #MMA",
    "sentiment": "neu"
  },
  {
    "id": "c_0541",
    "author": "@TorcidaSalvador",
    "text": "cabeça fria, campeão #MMA",
    "sentiment": "pos"
  },
  {
    "id": "c_0542",
    "author": "@JiuJiteiroRaiz",
    "text": "esse rival só fala #Raspagem",
    "sentiment": "pos"
  },
  {
    "id": "c_0543",
    "author": "@FaixaMarromDaRua",
    "text": "treino não mente #Pressao",
    "sentiment": "pos"
  },
  {
    "id": "c_0544",
    "author": "@KimonoNaVeia",
    "text": "foi garfado demais #Faixa",
    "sentiment": "pos"
  },
  {
    "id": "c_0545",
    "author": "@JiuJiteiroRaiz",
    "text": "esse rival só fala #Aleluyopolis",
    "sentiment": "neg"
  },
  {
    "id": "c_0546",
    "author": "@KimonoNaVeia",
    "text": "pontuou bonito #Pressao",
    "sentiment": "pos"
  },
  {
    "id": "c_0547",
    "author": "@TorcidaSalvador",
    "text": "na areia é outra pegada #Aleluyopolis",
    "sentiment": "pos"
  },
  {
    "id": "c_0548",
    "author": "@GuilhotinaClub",
    "text": "tá virando lenda #Final",
    "sentiment": "neg"
  },
  {
    "id": "c_0549",
    "author": "@JiuJiteiroRaiz",
    "text": "foi garfado demais #Pressao",
    "sentiment": "pos"
  },
  {
    "id": "c_0550",
    "author": "@KimonoNaVeia",
    "text": "na areia é outra pegada #Aleluyopolis",
    "sentiment": "pos"
  },
  {
    "id": "c_0551",
    "author": "@TorcidaSalvador",
    "text": "quero ver ao vivo #Salvador",
    "sentiment": "neu"
  },
  {
    "id": "c_0552",
    "author": "@FaixaMarromDaRua",
    "text": "esse rival só fala #NoGi",
    "sentiment": "pos"
  },
  {
    "id": "c_0553",
    "author": "@KimonoNaVeia",
    "text": "foi garfado demais #Acaraje",
    "sentiment": "pos"
  },
  {
    "id": "c_0554",
    "author": "@KimonoNaVeia",
    "text": "cabeça fria, campeão #TatameLive",
    "sentiment": "neg"
  },
  {
    "id": "c_0555",
    "author": "@FaixaMarromDaRua",
    "text": "quero ver ao vivo #Gi",
    "sentiment": "neu"
  },
  {
    "id": "c_0556",
    "author": "@FaixaMarromDaRua",
    "text": "pontuou bonito #TatameLive",
    "sentiment": "neg"
  },
  {
    "id": "c_0557",
    "author": "@TorcidaSalvador",
    "text": "na areia é outra pegada #AbuDhabi",
    "sentiment": "neu"
  },
  {
    "id": "c_0558",
    "author": "@GuilhotinaClub",
    "text": "isso é jiu-jitsu de verdade #Aleluyopolis",
    "sentiment": "neu"
  },
  {
    "id": "c_0559",
    "author": "@FaixaMarromDaRua",
    "text": "esse rival só fala #Treino",
    "sentiment": "neg"
  },
  {
    "id": "c_0560",
    "author": "@FaixaMarromDaRua",
    "text": "foi garfado demais #Faixa",
    "sentiment": "pos"
  },
  {
    "id": "c_0561",
    "author": "@JiuJiteiroRaiz",
    "text": "técnica limpa, respeito #Acaraje",
    "sentiment": "neg"
  },
  {
    "id": "c_0562",
    "author": "@TorcidaSalvador",
    "text": "pontuou bonito #Kimura",
    "sentiment": "neu"
  },
  {
    "id": "c_0563",
    "author": "@KimonoNaVeia",
    "text": "tá virando lenda #Open",
    "sentiment": "pos"
  },
  {
    "id": "c_0564",
    "author": "@FaixaMarromDaRua",
    "text": "quero ver ao vivo #Final",
    "sentiment": "pos"
  },
  {
    "id": "c_0565",
    "author": "@KimonoNaVeia",
    "text": "quero ver ao vivo #Open",
    "sentiment": "pos"
  },
  {
    "id": "c_0566",
    "author": "@KimonoNaVeia",
    "text": "esse rival só fala #TatameLive",
    "sentiment": "pos"
  },
  {
    "id": "c_0567",
    "author": "@GuilhotinaClub",
    "text": "cabeça fria, campeão #Salvador",
    "sentiment": "neu"
  },
  {
    "id": "c_0568",
    "author": "@GuilhotinaClub",
    "text": "quero ver ao vivo #Queda",
    "sentiment": "neg"
  },
  {
    "id": "c_0569",
    "author": "@TorcidaSalvador",
    "text": "na areia é outra pegada #Open",
    "sentiment": "pos"
  },
  {
    "id": "c_0570",
    "author": "@KimonoNaVeia",
    "text": "treino não mente #Open",
    "sentiment": "pos"
  },
  {
    "id": "c_0571",
    "author": "@FaixaMarromDaRua",
    "text": "esse rival só fala #Acaraje",
    "sentiment": "pos"
  },
  {
    "id": "c_0572",
    "author": "@GuilhotinaClub",
    "text": "na areia é outra pegada #Triangulo",
    "sentiment": "neu"
  },
  {
    "id": "c_0573",
    "author": "@TorcidaSalvador",
    "text": "isso é jiu-jitsu de verdade #MMA",
    "sentiment": "pos"
  },
  {
    "id": "c_0574",
    "author": "@TorcidaSalvador",
    "text": "isso é jiu-jitsu de verdade #TatameLive",
    "sentiment": "neu"
  },
  {
    "id": "c_0575",
    "author": "@TorcidaSalvador",
    "text": "treino não mente #CriaDoTatame",
    "sentiment": "pos"
  },
  {
    "id": "c_0576",
    "author": "@TorcidaSalvador",
    "text": "na areia é outra pegada #ChaveDeBraco",
    "sentiment": "pos"
  },
  {
    "id": "c_0577",
    "author": "@GuilhotinaClub",
    "text": "isso é jiu-jitsu de verdade #AbuDhabi",
    "sentiment": "neg"
  },
  {
    "id": "c_0578",
    "author": "@KimonoNaVeia",
    "text": "quero ver ao vivo #Faixa",
    "sentiment": "neg"
  },
  {
    "id": "c_0579",
    "author": "@FaixaMarromDaRua",
    "text": "treino não mente #Triangulo",
    "sentiment": "neg"
  },
  {
    "id": "c_0580",
    "author": "@GuilhotinaClub",
    "text": "cabeça fria, campeão #CriaDoTatame",
    "sentiment": "pos"
  },
  {
    "id": "c_0581",
    "author": "@GuilhotinaClub",
    "text": "cabeça fria, campeão #AbuDhabi",
    "sentiment": "neu"
  },
  {
    "id": "c_0582",
    "author": "@KimonoNaVeia",
    "text": "isso é jiu-jitsu de verdade #ChaveDeBraco",
    "sentiment": "neu"
  },
  {
    "id": "c_0583",
    "author": "@JiuJiteiroRaiz",
    "text": "esse rival só fala #Faixa",
    "sentiment": "pos"
  },
  {
    "id": "c_0584",
    "author": "@FaixaMarromDaRua",
    "text": "treino não mente #Open",
    "sentiment": "neu"
  },
  {
    "id": "c_0585",
    "author": "@GuilhotinaClub",
    "text": "isso é jiu-jitsu de verdade #CriaDoTatame",
    "sentiment": "neu"
  },
  {
    "id": "c_0586",
    "author": "@GuilhotinaClub",
    "text": "isso é jiu-jitsu de verdade #Triangulo",
    "sentiment": "neg"
  },
  {
    "id": "c_0587",
    "author": "@TorcidaSalvador",
    "text": "treino não mente #Open",
    "sentiment": "pos"
  },
  {
    "id": "c_0588",
    "author": "@FaixaMarromDaRua",
    "text": "pontuou bonito #Salvador",
    "sentiment": "pos"
  },
  {
    "id": "c_0589",
    "author": "@GuilhotinaClub",
    "text": "pontuou bonito #TatameLive",
    "sentiment": "pos"
  },
  {
    "id": "c_0590",
    "author": "@TorcidaSalvador",
    "text": "cabeça fria, campeão #Treino",
    "sentiment": "pos"
  },
  {
    "id": "c_0591",
    "author": "@GuilhotinaClub",
    "text": "esse rival só fala #JiuJitsu",
    "sentiment": "pos"
  },
  {
    "id": "c_0592",
    "author": "@GuilhotinaClub",
    "text": "foi garfado demais #Acaraje",
    "sentiment": "neu"
  },
  {
    "id": "c_0593",
    "author": "@TorcidaSalvador",
    "text": "treino não mente #Final",
    "sentiment": "pos"
  },
  {
    "id": "c_0594",
    "author": "@TorcidaSalvador",
    "text": "cabeça fria, campeão #Triangulo",
    "sentiment": "pos"
  },
  {
    "id": "c_0595",
    "author": "@GuilhotinaClub",
    "text": "na areia é outra pegada #Final",
    "sentiment": "neu"
  },
  {
    "id": "c_0596",
    "author": "@FaixaMarromDaRua",
    "text": "técnica limpa, respeito #Open",
    "sentiment": "neu"
  },
  {
    "id": "c_0597",
    "author": "@GuilhotinaClub",
    "text": "treino não mente #JiuJitsu",
    "sentiment": "neg"
  },
  {
    "id": "c_0598",
    "author": "@JiuJiteiroRaiz",
    "text": "treino não mente #CriaDoTatame",
    "sentiment": "neu"
  },
  {
    "id": "c_0599",
    "author": "@TorcidaSalvador",
    "text": "isso é jiu-jitsu de verdade #Aleluyopolis",
    "sentiment": "neu"
  }
]