[
  {
    "id": "post_0000",
    "author": "@RivalOficial",
    "type": "sponsor",
    "text": "Fechamos com EnergiaDaLuta. Treino, disciplina e resultado. #NoGi",
    "likes": 3631,
    "comments": 346,
    "timestamp_offset_min": 1087,
    "tags": [
      "#Queda",
      "#Aleluyopolis",
      "#Raspagem"
    ]
  },
  {
    "id": "post_0001",
    "author": "@RashguardBR",
    "type": "callout",
    "text": "@RivalEspelho falando demais. Quero ver no tatame. #Faixa",
    "likes": 118,
    "comments": 355,
    "timestamp_offset_min": 1306,
    "tags": [
      "#Queda",
      "#AbuDhabi",
      "#Gi"
    ]
  },
  {
    "id": "post_0002",
    "author": "@RivalNoGi",
    "type": "clean_win",
    "text": "Vitória limpa e técnica hoje. chave de braço bem encaixado. Respeito sempre. #ChaveDeBraco",
    "likes": 3910,
    "comments": 635,
    "timestamp_offset_min": 4270,
    "tags": [
      "#Faixa",
      "#JiuJitsu",
      "#Open"
    ]
  },
  {
    "id": "post_0003",
    "author": "@TorcidaSalvador",
    "type": "underground_win",
    "text": "Na areia não tem conversa: triângulo e fim. #Kimura",
    "likes": 4166,
    "comments": 5,
    "timestamp_offset_min": 2129,
    "tags": [
      "#ChaveDeBraco"
    ]
  },
  {
    "id": "post_0004",
    "author": "@MundoNoGi",
    "type": "apology",
    "text": "Eu errei no calor da luta. Vou ajustar e voltar melhor. #Faixa",
    "likes": 3062,
    "comments": 572,
    "timestamp_offset_min": 3895,
    "tags": [
      "#Pressao",
      "#NoGi"
    ]
  },
  {
    "id": "post_0005",
    "author": "@RivalEspelho",
    "type": "clean_win",
    "text": "Vitória limpa e técnica hoje. kimura bem encaixado. Respeito sempre. #JiuJitsu",
    "likes": 1767,
    "comments": 579,
    "timestamp_offset_min": 593,
    "tags": [
      "#Raspagem",
      "#NoGi",
      "#Aleluyopolis"
    ]
  },
  {
    "id": "post_0006",
    "author": "@RivalNoGi",
    "type": "clean_win",
    "text": "Vitória limpa e técnica hoje. triângulo bem encaixado. Respeito sempre. #Aleluyopolis",
    "likes": 911,
    "comments": 162,
    "timestamp_offset_min": 2274,
    "tags": [
      "#AbuDhabi",
      "#Gi"
    ]
  },
  {
    "id": "post_0007",
    "author": "@RivalEspelho",
    "type": "training",
    "text": "Camp pesado: drill de scramble + drill de queda. Evolução é repetição. #ChaveDeBraco",
    "likes": 947,
    "comments": 132,
    "timestamp_offset_min": 1873,
    "tags": [
      "#CriaDoTatame",
      "#Queda"
    ]
  },
  {
    "id": "post_0008",
    "author": "@RashguardBR",
    "type": "training",
    "text": "Camp pesado: drill de queda + drill de finalização. Evolução é repetição. #AbuDhabi",
    "likes": 2291,
    "comments": 480,
    "timestamp_offset_min": 2964,
    "tags": [
      "#TatameLive",
      "#Acaraje",
      "#MMA"
    ]
  },
  {
    "id": "post_0009",
    "author": "@GuilhotinaClub",
    "type": "underground_win",
    "text": "Na areia não tem conversa: raspagem da meia e fim. #NoGi",
    "likes": 389,
    "comments": 563,
    "timestamp_offset_min": 1052,
    "tags": [
      "#Queda",
      "#Aleluyopolis",
      "#TatameLive"
    ]
  },
  {
    "id": "post_0010",
    "author": "@JiuJiteiroRaiz",
    "type": "training",
    "text": "Camp pesado: drill de passagem + drill de raspagem. Evolução é repetição. #Aleluyopolis",
    "likes": 1580,
    "comments": 141,
    "timestamp_offset_min": 345,
    "tags": [
      "#Acaraje"
    ]
  },
  {
    "id": "post_0011",
    "author": "@EnergiaDaLuta",
    "type": "clean_win",
    "text": "Vitória limpa e técnica hoje. chave de braço bem encaixado. Respeito sempre. #Queda",
    "likes": 2949,
    "comments": 266,
    "timestamp_offset_min": 947,
    "tags": [
      "#Faixa"
    ]
  },
  {
    "id": "post_0012",
    "author": "@SuplementoRaiz",
    "type": "callout",
    "text": "@RivalNoGi falando demais. Quero ver no tatame. #ChaveDeBraco",
    "likes": 1406,
    "comments": 506,
    "timestamp_offset_min": 794,
    "tags": [
      "#ChaveDeBraco",
      "#Open"
    ]
  },
  {
    "id": "post_0013",
    "author": "@RankingOficial",
    "type": "clean_win",
    "text": "Vitória limpa e técnica hoje. mata-leão bem encaixado. Respeito sempre. #Acaraje",
    "likes": 2871,
    "comments": 246,
    "timestamp_offset_min": 2230,
    "tags": [
      "#Raspagem"
    ]
  },
  {
    "id": "post_0014",
    "author": "@AreiaUnderground",
    "type": "clean_win",
    "text": "Vitória limpa e técnica hoje. queda de quadril bem encaixado. Respeito sempre. #Triangulo",
    "likes": 88,
    "comments": 302,
    "timestamp_offset_min": 974,
    "tags": [
      "#Queda"
    ]
  },
  {
    "id": "post_0015",
    "author": "@RashguardBR",
    "type": "points_win",
    "text": "Ganhou no detalhe: 8x2. Pontuar é arte. #Acaraje",
    "likes": 4152,
    "comments": 121,
    "timestamp_offset_min": 2612,
    "tags": [
      "#JiuJitsu",
      "#Gi",
      "#Queda"
    ]
  },
  {
    "id": "post_0016",
    "author": "@JiuJiteiroRaiz",
    "type": "callout",
    "text": "@RivalOficial falando demais. Quero ver no tatame. #MMA",
    "likes": 2319,
    "comments": 420,
    "timestamp_offset_min": 366,
    "tags": [
      "#Raspagem"
    ]
  },
  {
    "id": "post_0017",
    "author": "@KimonoTrad",
    "type": "callout",
    "text": "@RivalNoGi falando demais. Quero ver no tatame. #Acaraje",
    "likes": 632,
    "comments": 479,
    "timestamp_offset_min": 2365,
    "tags": [
      "#Final"
    ]
  },
  {
    "id": "post_0018",
    "author": "@SaborDaBahia",
    "type": "training",
    "text": "Camp pesado: drill de queda + drill de guarda. Evolução é repetição. #ChaveDeBraco",
    "likes": 4088,
    "comments": 310,
    "timestamp_offset_min": 4092,
    "tags": [
      "#Open",
      "#Pressao"
    ]
  },
  {
    "id": "post_0019",
    "author": "@RashguardBR",
    "type": "callout",
    "text": "@RivalOficial falando demais. Quero ver no tatame. #Final",
    "likes": 1205,
    "comments": 357,
    "timestamp_offset_min": 1461,
    "tags": [
      "#Queda"
    ]
  },
  {
    "id": "post_0020",
    "author": "@TatameNews",
    "type": "sponsor",
    "text": "Fechamos com SuplementoRaiz. Treino, disciplina e resultado. #Salvador",
    "likes": 1544,
    "comments": 213,
    "timestamp_offset_min": 3564,
    "tags": [
      "#Triangulo",
      "#NoGi",
      "#Acaraje"
    ]
  },
  {
    "id": "post_0021",
    "author": "@TatameNews",
    "type": "points_win",
    "text": "Ganhou no detalhe: 2x4. Pontuar é arte. #JiuJitsu",
    "likes": 4037,
    "comments": 257,
    "timestamp_offset_min": 3910,
    "tags": [
      "#Treino",
      "#Acaraje",
      "#Kimura"
    ]
  },
  {
    "id": "post_0022",
    "author": "@JiuJiteiroRaiz",
    "type": "training",
    "text": "Camp pesado: drill de passagem + drill de pressão. Evolução é repetição. #MMA",
    "likes": 2159,
    "comments": 299,
    "timestamp_offset_min": 3161,
    "tags": [
      "#CriaDoTatame",
      "#Kimura"
    ]
  },
  {
    "id": "post_0023",
    "author": "@TorcidaSalvador",
    "type": "controversy",
    "text": "Arbitragem polêmica no evento… #CriaDoTatame",
    "likes": 3107,
    "comments": 590,
    "timestamp_offset_min": 548,
    "tags": [
      "#Open",
      "#Aleluyopolis"
    ]
  },
  {
    "id": "post_0024",
    "author": "@KimonoTrad",
    "type": "points_win",
    "text": "Ganhou no detalhe: 4x7. Pontuar é arte. #Raspagem",
    "likes": 2327,
    "comments": 178,
    "timestamp_offset_min": 348,
    "tags": [
      "#Triangulo",
      "#AbuDhabi"
    ]
  },
  {
    "id": "post_0025",
    "author": "@RivalEspelho",
    "type": "apology",
    "text": "Eu errei no calor da luta. Vou ajustar e voltar melhor. #Acaraje",
    "likes": 3787,
    "comments": 276,
    "timestamp_offset_min": 3945,
    "tags": [
      "#NoGi",
      "#Queda"
    ]
  },
  {
    "id": "post_0026",
    "author": "@RashguardBR",
    "type": "clean_win",
    "text": "Vitória limpa e técnica hoje. chave de braço bem encaixado. Respeito sempre. #Kimura",
    "likes": 1557,
    "comments": 297,
    "timestamp_offset_min": 3441,
    "tags": [
      "#Aleluyopolis"
    ]
  },
  {
    "id": "post_0027",
    "author": "@MundoNoGi",
    "type": "callout",
    "text": "@RivalNoGi falando demais. Quero ver no tatame. #MMA",
    "likes": 3534,
    "comments": 338,
    "timestamp_offset_min": 3182,
    "tags": [
      "#Pressao",
      "#Acaraje"
    ]
  },
  {
    "id": "post_0028",
    "author": "@KimonoTrad",
    "type": "underground_win",
    "text": "Na areia não tem conversa: passagem joelho na barriga e fim. #Final",
    "likes": 2784,
    "comments": 442,
    "timestamp_offset_min": 2822,
    "tags": [
      "#MMA"
    ]
  },
  {
    "id": "post_0029",
    "author": "@RankingOficial",
    "type": "training",
    "text": "Camp pesado: drill de queda + drill de raspagem. Evolução é repetição. #TatameLive",
    "likes": 1501,
    "comments": 138,
    "timestamp_offset_min": 2193,
    "tags": [
      "#Faixa"
    ]
  },
  {
    "id": "post_0030",
    "author": "@GuilhotinaClub",
    "type": "training",
    "text": "Camp pesado: drill de raspagem + drill de finalização. Evolução é repetição. #Final",
    "likes": 3993,
    "comments": 70,
    "timestamp_offset_min": 3604,
    "tags": [
      "#Kimura"
    ]
  },
  {
    "id": "post_0031",
    "author": "@RivalNoGi",
    "type": "training",
    "text": "Camp pesado: drill de pressão + drill de scramble. Evolução é repetição. #AbuDhabi",
    "likes": 3571,
    "comments": 37,
    "timestamp_offset_min": 1191,
    "tags": [
      "#JiuJitsu",
      "#Open"
    ]
  },
  {
    "id": "post_0032",
    "author": "@FaixaMarromDaRua",
    "type": "underground_win",
    "text": "Na areia não tem conversa: triângulo e fim. #Gi",
    "likes": 431,
    "comments": 586,
    "timestamp_offset_min": 4304,
    "tags": [
      "#Acaraje",
      "#CriaDoTatame"
    ]
  },
  {
    "id": "post_0033",
    "author": "@RivalNoGi",
    "type": "headline",
    "text": "MANCHETE: Treinador confirma camp especial antes do evento internacional. #Salvador",
    "likes": 2840,
    "comments": 419,
    "timestamp_offset_min": 1699,
    "tags": [
      "#Aleluyopolis",
      "#TatameLive",
      "#Acaraje"
    ]
  },
  {
    "id": "post_0034",
    "author": "@RashguardBR",
    "type": "callout",
    "text": "@RivalNoGi falando demais. Quero ver no tatame. #Open",
    "likes": 2151,
    "comments": 546,
    "timestamp_offset_min": 3528,
    "tags": [
      "#Pressao",
      "#Open",
      "#Queda"
    ]
  },
  {
    "id": "post_0035",
    "author": "@JiuJiteiroRaiz",
    "type": "apology",
    "text": "Eu errei no calor da luta. Vou ajustar e voltar melhor. #Gi",
    "likes": 2387,
    "comments": 460,
    "timestamp_offset_min": 1492,
    "tags": [
      "#Salvador"
    ]
  },
  {
    "id": "post_0036",
    "author": "@SuplementoRaiz",
    "type": "callout",
    "text": "@RivalOficial falando demais. Quero ver no tatame. #Triangulo",
    "likes": 2494,
    "comments": 530,
    "timestamp_offset_min": 2776,
    "tags": [
      "#Aleluyopolis",
      "#Acaraje",
      "#Faixa"
    ]
  },
  {
    "id": "post_0037",
    "author": "@MundoNoGi",
    "type": "training",
    "text": "Camp pesado: drill de raspagem + drill de scramble. Evolução é repetição. #Triangulo",
    "likes": 3869,
    "comments": 298,
    "timestamp_offset_min": 2994,
    "tags": [
      "#Acaraje",
      "#Gi"
    ]
  },
  {
    "id": "post_0038",
    "author": "@KimonoTrad",
    "type": "training",
    "text": "Camp pesado: drill de guarda + drill de pressão. Evolução é repetição. #Final",
    "likes": 2400,
    "comments": 51,
    "timestamp_offset_min": 967,
    "tags": [
      "#JiuJitsu"
    ]
  },
  {
    "id": "post_0039",
    "author": "@SuplementoRaiz",
    "type": "callout",
    "text": "@RivalEspelho falando demais. Quero ver no tatame. #Raspagem",
    "likes": 3089,
    "comments": 566,
    "timestamp_offset_min": 4113,
    "tags": [
      "#Triangulo"
    ]
  },
  {
    "id": "post_0040",
    "author": "@CircuitoBR",
    "type": "apology",
    "text": "Eu errei no calor da luta. Vou ajustar e voltar melhor. #ChaveDeBraco",
    "likes": 1224,
    "comments": 39,
    "timestamp_offset_min": 3504,
    "tags": [
      "#Kimura"
    ]
  },
  {
    "id": "post_0041",
    "author": "@RivalNoGi",
    "type": "underground_win",
    "text": "Na areia não tem conversa: mata-leão e fim. #CriaDoTatame",
    "likes": 1751,
    "comments": 214,
    "timestamp_offset_min": 2137,
    "tags": [
      "#Queda"
    ]
  },
  {
    "id": "post_0042",
    "author": "@SaborDaBahia",
    "type": "clean_win",
    "text": "Vitória limpa e técnica hoje. estrangulamento na gola bem encaixado. Respeito sempre. #Kimura",
    "likes": 999,
    "comments": 565,
    "timestamp_offset_min": 877,
    "tags": [
      "#NoGi",
      "#AbuDhabi",
      "#JiuJitsu"
    ]
  },
  {
    "id": "post_0043",
    "author": "@MundoNoGi",
    "type": "callout",
    "text": "@RivalNoGi falando demais. Quero ver no tatame. #TatameLive",
    "likes": 3349,
    "comments": 473,
    "timestamp_offset_min": 3891,
    "tags": [
      "#Kimura"
    ]
  },
  {
    "id": "post_0044",
    "author": "@RivalEspelho",
    "type": "apology",
    "text": "Eu errei no calor da luta. Vou ajustar e voltar melhor. #TatameLive",
    "likes": 3179,
    "comments": 319,
    "timestamp_offset_min": 3998,
    "tags": [
      "#AbuDhabi"
    ]
  },
  {
    "id": "post_0045",
    "author": "@TatameNews",
    "type": "clean_win",
    "text": "Vitória limpa e técnica hoje. triângulo bem encaixado. Respeito sempre. #NoGi",
    "likes": 1482,
    "comments": 60,
    "timestamp_offset_min": 3807,
    "tags": [
      "#AbuDhabi",
      "#JiuJitsu",
      "#TatameLive"
    ]
  },
  {
    "id": "post_0046",
    "author": "@KimonoNaVeia",
    "type": "underground_win",
    "text": "Na areia não tem conversa: estrangulamento na gola e fim. #Triangulo",
    "likes": 260,
    "comments": 586,
    "timestamp_offset_min": 3854,
    "tags": [
      "#Final",
      "#Acaraje",
      "#Triangulo"
    ]
  },
  {
    "id": "post_0047",
    "author": "@SuplementoRaiz",
    "type": "controversy",
    "text": "Arbitragem polêmica no evento… #JiuJitsu",
    "likes": 2093,
    "comments": 224,
    "timestamp_offset_min": 711,
    "tags": [
      "#Open"
    ]
  },
  {
    "id": "post_0048",
    "author": "@RivalNoGi",
    "type": "points_win",
    "text": "Ganhou no detalhe: 2x2. Pontuar é arte. #Queda",
    "likes": 3929,
    "comments": 46,
    "timestamp_offset_min": 1795,
    "tags": [
      "#Open"
    ]
  },
  {
    "id": "post_0049",
    "author": "@KimonoNaVeia",
    "type": "training",
    "text": "Camp pesado: drill de pressão + drill de scramble. Evolução é repetição. #Queda",
    "likes": 425,
    "comments": 265,
    "timestamp_offset_min": 1170,
    "tags": [
      "#Faixa",
      "#Acaraje"
    ]
  },
  {
    "id": "post_0050",
    "author": "@RivalOficial",
    "type": "controversy",
    "text": "Arbitragem polêmica no evento… #Final",
    "likes": 2439,
    "comments": 117,
    "timestamp_offset_min": 230,
    "tags": [
      "#Aleluyopolis"
    ]
  },
  {
    "id": "post_0051",
    "author": "@RashguardBR",
    "type": "apology",
    "text": "Eu errei no calor da luta. Vou ajustar e voltar melhor. #Faixa",
    "likes": 3858,
    "comments": 11,
    "timestamp_offset_min": 659,
    "tags": [
      "#Salvador",
      "#Gi"
    ]
  },
  {
    "id": "post_0052",
    "author": "@RivalEspelho",
    "type": "controversy",
    "text": "Arbitragem polêmica no evento… #Salvador",
    "likes": 2555,
    "comments": 585,
    "timestamp_offset_min": 3463,
    "tags": [
      "#Kimura"
    ]
  },
  {
    "id": "post_0053",
    "author": "@FaixaMarromDaRua",
    "type": "sponsor",
    "text": "Fechamos com SuplementoRaiz. Treino, disciplina e resultado. #Acaraje",
    "likes": 3503,
    "comments": 318,
    "timestamp_offset_min": 3769,
    "tags": [
      "#Triangulo",
      "#Gi"
    ]
  },
  {
    "id": "post_0054",
    "author": "@TorcidaSalvador",
    "type": "controversy",
    "text": "Arbitragem polêmica no evento… #AbuDhabi",
    "likes": 3948,
    "comments": 127,
    "timestamp_offset_min": 181,
    "tags": [
      "#AbuDhabi"
    ]
  },
  {
    "id": "post_0055",
    "author": "@SuplementoRaiz",
    "type": "points_win",
    "text": "Ganhou no detalhe: 4x4. Pontuar é arte. #Kimura",
    "likes": 2814,
    "comments": 232,
    "timestamp_offset_min": 4007,
    "tags": [
      "#Triangulo",
      "#Salvador",
      "#Gi"
    ]
  },
  {
    "id": "post_0056",
    "author": "@TatameNews",
    "type": "callout",
    "text": "@RivalEspelho falando demais. Quero ver no tatame. #CriaDoTatame",
    "likes": 2699,
    "comments": 420,
    "timestamp_offset_min": 1872,
    "tags": [
      "#Faixa",
      "#Acaraje",
      "#AbuDhabi"
    ]
  },
  {
    "id": "post_0057",
    "author": "@SuplementoRaiz",
    "type": "sponsor",
    "text": "Fechamos com SuplementoRaiz. Treino, disciplina e resultado. #Final",
    "likes": 3356,
    "comments": 397,
    "timestamp_offset_min": 2604,
    "tags": [
      "#CriaDoTatame"
    ]
  },
  {
    "id": "post_0058",
    "author": "@TatameNews",
    "type": "underground_win",
    "text": "Na areia não tem conversa: estrangulamento na gola e fim. #Faixa",
    "likes": 3704,
    "comments": 288,
    "timestamp_offset_min": 161,
    "tags": [
      "#Salvador",
      "#Kimura"
    ]
  },
  {
    "id": "post_0059",
    "author": "@GuilhotinaClub",
    "type": "underground_win",
    "text": "Na areia não tem conversa: mata-leão e fim. #CriaDoTatame",
    "likes": 787,
    "comments": 52,
    "timestamp_offset_min": 2829,
    "tags": [
      "#MMA",
      "#CriaDoTatame"
    ]
  },
  {
    "id": "post_0060",
    "author": "@AreiaUnderground",
    "type": "underground_win",
    "text": "Na areia não tem conversa: estrangulamento na gola e fim. #Open",
    "likes": 2972,
    "comments": 440,
    "timestamp_offset_min": 2912,
    "tags": [
      "#Raspagem",
      "#ChaveDeBraco"
    ]
  },
  {
    "id": "post_0061",
    "author": "@CircuitoBR",
    "type": "clean_win",
    "text": "Vitória limpa e técnica hoje. raspagem da meia bem encaixado. Respeito sempre. #JiuJitsu",
    "likes": 4149,
    "comments": 27,
    "timestamp_offset_min": 922,
    "tags": [
      "#Acaraje"
    ]
  },
  {
    "id": "post_0062",
    "author": "@SaborDaBahia",
    "type": "underground_win",
    "text": "Na areia não tem conversa: raspagem da meia e fim. #Treino",
    "likes": 773,
    "comments": 347,
    "timestamp_offset_min": 3511,
    "tags": [
      "#Open",
      "#Kimura",
      "#Gi"
    ]
  },
  {
    "id": "post_0063",
    "author": "@CircuitoBR",
    "type": "headline",
    "text": "MANCHETE: Vídeo de finalização viraliza e divide opiniões. #Salvador",
    "likes": 1142,
    "comments": 435,
    "timestamp_offset_min": 2848,
    "tags": [
      "#MMA"
    ]
  },
  {
    "id": "post_0064",
    "author": "@TorcidaSalvador",
    "type": "apology",
    "text": "Eu errei no calor da luta. Vou ajustar e voltar melhor. #AbuDhabi",
    "likes": 1926,
    "comments": 588,
    "timestamp_offset_min": 3535,
    "tags": [
      "#Treino",
      "#TatameLive"
    ]
  },
  {
    "id": "post_0065",
    "author": "@EnergiaDaLuta",
    "type": "underground_win",
    "text": "Na areia não tem conversa: passagem joelho na barriga e fim. #Gi",
    "likes": 3573,
    "comments": 509,
    "timestamp_offset_min": 1282,
    "tags": [
      "#MMA"
    ]
  },
  {
    "id": "post_0066",
    "author": "@AreiaUnderground",
    "type": "underground_win",
    "text": "Na areia não tem conversa: kimura e fim. #Queda",
    "likes": 3766,
    "comments": 523,
    "timestamp_offset_min": 3467,
    "tags": [
      "#Final",
      "#MMA",
      "#Acaraje"
    ]
  },
  {
    "id": "post_0067",
    "author": "@MundoNoGi",
    "type": "apology",
    "text": "Eu errei no calor da luta. Vou ajustar e voltar melhor. #Salvador",
    "likes": 722,
    "comments": 415,
    "timestamp_offset_min": 3820,
    "tags": [
      "#Pressao",
      "#Final"
    ]
  },
  {
    "id": "post_0068",
    "author": "@GuilhotinaClub",
    "type": "controversy",
    "text": "Arbitragem polêmica no evento… #Aleluyopolis",
    "likes": 3175,
    "comments": 494,
    "timestamp_offset_min": 455,
    "tags": [
      "#NoGi"
    ]
  },
  {
    "id": "post_0069",
    "author": "@GuilhotinaClub",
    "type": "sponsor",
    "text": "Fechamos com EnergiaDaLuta. Treino, disciplina e resultado. #Aleluyopolis",
    "likes": 2138,
    "comments": 219,
    "timestamp_offset_min": 282,
    "tags": [
      "#Faixa"
    ]
  },
  {
    "id": "post_0070",
    "author": "@RashguardBR",
    "type": "apology",
    "text": "Eu errei no calor da luta. Vou ajustar e voltar melhor. #NoGi",
    "likes": 2218,
    "comments": 213,
    "timestamp_offset_min": 910,
    "tags": [
      "#Acaraje",
      "#JiuJitsu"
    ]
  },
  {
    "id": "post_0071",
    "author": "@MundoNoGi",
    "type": "points_win",
    "text": "Ganhou no detalhe: 8x5. Pontuar é arte. #Aleluyopolis",
    "likes": 2424,
    "comments": 490,
    "timestamp_offset_min": 593,
    "tags": [
      "#TatameLive",
      "#Triangulo"
    ]
  },
  {
    "id": "post_0072",
    "author": "@JiuJiteiroRaiz",
    "type": "headline",
    "text": "MANCHETE: Federação analisa mudanças no ranking após final apertada. #Treino",
    "likes": 1744,
    "comments": 517,
    "timestamp_offset_min": 2170,
    "tags": [
      "#CriaDoTatame",
      "#TatameLive",
      "#Kimura"
    ]
  },
  {
    "id": "post_0073",
    "author": "@KimonoTrad",
    "type": "callout",
    "text": "@RivalNoGi falando demais. Quero ver no tatame. #Faixa",
    "likes": 4072,
    "comments": 518,
    "timestamp_offset_min": 288,
    "tags": [
      "#Pressao",
      "#Raspagem"
    ]
  },
  {
    "id": "post_0074",
    "author": "@FaixaMarromDaRua",
    "type": "callout",
    "text": "@RivalEspelho falando demais. Quero ver no tatame. #JiuJitsu",
    "likes": 1658,
    "comments": 633,
    "timestamp_offset_min": 3807,
    "tags": [
      "#Acaraje",
      "#TatameLive",
      "#Kimura"
    ]
  },
  {
    "id": "post_0075",
    "author": "@RashguardBR",
    "type": "sponsor",
    "text": "Fechamos com SuplementoRaiz. Treino, disciplina e resultado. #TatameLive",
    "likes": 142,
    "comments": 331,
    "timestamp_offset_min": 2841,
    "tags": [
      "#Treino",
      "#Raspagem"
    ]
  },
  {
    "id": "post_0076",
    "author": "@SaborDaBahia",
    "type": "points_win",
    "text": "Ganhou no detalhe: 5x7. Pontuar é arte. #Queda",
    "likes": 1113,
    "comments": 106,
    "timestamp_offset_min": 2310,
    "tags": [
      "#Kimura",
      "#Gi",
      "#Final"
    ]
  },
  {
    "id": "post_0077",
    "author": "@TatameNews",
    "type": "points_win",
    "text": "Ganhou no detalhe: 7x5. Pontuar é arte. #JiuJitsu",
    "likes": 3289,
    "comments": 600,
    "timestamp_offset_min": 3011,
    "tags": [
      "#JiuJitsu"
    ]
  },
  {
    "id": "post_0078",
    "author": "@AreiaUnderground",
    "type": "underground_win",
    "text": "Na areia não tem conversa: triângulo e fim. #Acaraje",
    "likes": 1251,
    "comments": 367,
    "timestamp_offset_min": 3263,
    "tags": [
      "#Treino",
      "#NoGi",
      "#TatameLive"
    ]
  },
  {
    "id": "post_0079",
    "author": "@RivalEspelho",
    "type": "points_win",
    "text": "Ganhou no detalhe: 4x1. Pontuar é arte. #Queda",
    "likes": 2312,
    "comments": 239,
    "timestamp_offset_min": 850,
    "tags": [
      "#MMA",
      "#CriaDoTatame",
      "#Aleluyopolis"
    ]
  },
  {
    "id": "post_0080",
    "author": "@RivalEspelho",
    "type": "training",
    "text": "Camp pesado: drill de passagem + drill de passagem. Evolução é repetição. #Gi",
    "likes": 428,
    "comments": 430,
    "timestamp_offset_min": 2062,
    "tags": [
      "#Open",
      "#Final",
      "#Raspagem"
    ]
  },
  {
    "id": "post_0081",
    "author": "@SuplementoRaiz",
    "type": "points_win",
    "text": "Ganhou no detalhe: 4x3. Pontuar é arte. #Gi",
    "likes": 3924,
    "comments": 372,
    "timestamp_offset_min": 2868,
    "tags": [
      "#Faixa"
    ]
  },
  {
    "id": "post_0082",
    "author": "@RashguardBR",
    "type": "apology",
    "text": "Eu errei no calor da luta. Vou ajustar e voltar melhor. #Salvador",
    "likes": 2213,
    "comments": 80,
    "timestamp_offset_min": 751,
    "tags": [
      "#Salvador"
    ]
  },
  {
    "id": "post_0083",
    "author": "@GuilhotinaClub",
    "type": "callout",
    "text": "@RivalOficial falando demais. Quero ver no tatame. #Kimura",
    "likes": 2400,
    "comments": 540,
    "timestamp_offset_min": 3670,
    "tags": [
      "#Raspagem",
      "#Triangulo",
      "#TatameLive"
    ]
  },
  {
    "id": "post_0084",
    "author": "@FaixaMarromDaRua",
    "type": "training",
    "text": "Camp pesado: drill de raspagem + drill de queda. Evolução é repetição. #ChaveDeBraco",
    "likes": 1352,
    "comments": 499,
    "timestamp_offset_min": 3400,
    "tags": [
      "#Gi",
      "#Raspagem",
      "#Open"
    ]
  },
  {
    "id": "post_0085",
    "author": "@SaborDaBahia",
    "type": "sponsor",
    "text": "Fechamos com EnergiaDaLuta. Treino, disciplina e resultado. #Kimura",
    "likes": 1194,
    "comments": 175,
    "timestamp_offset_min": 876,
    "tags": [
      "#Treino",
      "#Salvador"
    ]
  },
  {
    "id": "post_0086",
    "author": "@TorcidaSalvador",
    "type": "headline",
    "text": "MANCHETE: Rival provoca e marca luta decisiva no próximo Open. #Pressao",
    "likes": 2743,
    "comments": 537,
    "timestamp_offset_min": 4178,
    "tags": [
      "#Aleluyopolis",
      "#Kimura",
      "#MMA"
    ]
  },
  {
    "id": "post_0087",
    "author": "@RankingOficial",
    "type": "underground_win",
    "text": "Na areia não tem conversa: chave de braço e fim. #Salvador",
    "likes": 3471,
    "comments": 203,
    "timestamp_offset_min": 1080,
    "tags": [
      "#Aleluyopolis"
    ]
  },
  {
    "id": "post_0088",
    "author": "@RivalOficial",
    "type": "sponsor",
    "text": "Fechamos com EnergiaDaLuta. Treino, disciplina e resultado. #Kimura",
    "likes": 740,
    "comments": 163,
    "timestamp_offset_min": 486,
    "tags": [
      "#Treino",
      "#Open"
    ]
  },
  {
    "id": "post_0089",
    "author": "@RivalOficial",
    "type": "callout",
    "text": "@RivalNoGi falando demais. Quero ver no tatame. #Final",
    "likes": 2917,
    "comments": 352,
    "timestamp_offset_min": 259,
    "tags": [
      "#TatameLive",
      "#AbuDhabi",
      "#Gi"
    ]
  },
  {
    "id": "post_0090",
    "author": "@FaixaMarromDaRua",
    "type": "sponsor",
    "text": "Fechamos com EnergiaDaLuta. Treino, disciplina e resultado. #CriaDoTatame",
    "likes": 1395,
    "comments": 504,
    "timestamp_offset_min": 2730,
    "tags": [
      "#AbuDhabi",
      "#ChaveDeBraco"
    ]
  },
  {
    "id": "post_0091",
    "author": "@KimonoNaVeia",
    "type": "clean_win",
    "text": "Vitória limpa e técnica hoje. queda de quadril bem encaixado. Respeito sempre. #Pressao",
    "likes": 193,
    "comments": 593,
    "timestamp_offset_min": 2795,
    "tags": [
      "#Aleluyopolis"
    ]
  },
  {
    "id": "post_0092",
    "author": "@TatameNews",
    "type": "points_win",
    "text": "Ganhou no detalhe: 9x3. Pontuar é arte. #TatameLive",
    "likes": 3018,
    "comments": 419,
    "timestamp_offset_min": 841,
    "tags": [
      "#Pressao",
      "#Salvador"
    ]
  },
  {
    "id": "post_0093",
    "author": "@GuilhotinaClub",
    "type": "callout",
    "text": "@RivalOficial falando demais. Quero ver no tatame. #Salvador",
    "likes": 1477,
    "comments": 80,
    "timestamp_offset_min": 841,
    "tags": [
      "#Queda",
      "#Open"
    ]
  },
  {
    "id": "post_0094",
    "author": "@SuplementoRaiz",
    "type": "training",
    "text": "Camp pesado: drill de finalização + drill de finalização. Evolução é repetição. #JiuJitsu",
    "likes": 1931,
    "comments": 66,
    "timestamp_offset_min": 2842,
    "tags": [
      "#Pressao",
      "#Salvador",
      "#Aleluyopolis"
    ]
  },
  {
    "id": "post_0095",
    "author": "@KimonoNaVeia",
    "type": "clean_win",
    "text": "Vitória limpa e técnica hoje. estrangulamento na gola bem encaixado. Respeito sempre. #Pressao",
    "likes": 2644,
    "comments": 636,
    "timestamp_offset_min": 1740,
    "tags": [
      "#JiuJitsu"
    ]
  },
  {
    "id": "post_0096",
    "author": "@GuilhotinaClub",
    "type": "apology",
    "text": "Eu errei no calor da luta. Vou ajustar e voltar melhor. #MMA",
    "likes": 694,
    "comments": 37,
    "timestamp_offset_min": 2251,
    "tags": [
      "#Open"
    ]
  },
  {
    "id": "post_0097",
    "author": "@RivalNoGi",
    "type": "training",
    "text": "Camp pesado: drill de scramble + drill de guarda. Evolução é repetição. #Kimura",
    "likes": 2080,
    "comments": 386,
    "timestamp_offset_min": 3765,
    "tags": [
      "#AbuDhabi"
    ]
  },
  {
    "id": "post_0098",
    "author": "@MundoNoGi",
    "type": "training",
    "text": "Camp pesado: drill de scramble + drill de raspagem. Evolução é repetição. #Salvador",
    "likes": 149,
    "comments": 320,
    "timestamp_offset_min": 1610,
    "tags": [
      "#Kimura"
    ]
  },
  {
    "id": "post_0099",
    "author": "@AreiaUnderground",
    "type": "underground_win",
    "text": "Na areia não tem conversa: triângulo e fim. #MMA",
    "likes": 2301,
    "comments": 594,
    "timestamp_offset_min": 2063,
    "tags": [
      "#Raspagem"
    ]
  },
  {
    "id": "post_0100",
    "author": "@RivalNoGi",
    "type": "controversy",
    "text": "Arbitragem polêmica no evento… #JiuJitsu",
    "likes": 673,
    "comments": 385,
    "timestamp_offset_min": 2377,
    "tags": [
      "#Raspagem",
      "#Gi"
    ]
  },
  {
    "id": "post_0101",
    "author": "@FaixaMarromDaRua",
    "type": "controversy",
    "text": "Arbitragem polêmica no evento… #Triangulo",
    "likes": 1285,
    "comments": 620,
    "timestamp_offset_min": 1817,
    "tags": [
      "#NoGi"
    ]
  },
  {
    "id": "post_0102",
    "author": "@SuplementoRaiz",
    "type": "controversy",
    "text": "Arbitragem polêmica no evento… #Salvador",
    "likes": 2790,
    "comments": 18,
    "timestamp_offset_min": 1186,
    "tags": [
      "#Faixa",
      "#ChaveDeBraco",
      "#NoGi"
    ]
  },
  {
    "id": "post_0103",
    "author": "@JiuJiteiroRaiz",
    "type": "callout",
    "text": "@RivalEspelho falando demais. Quero ver no tatame. #Faixa",
    "likes": 1581,
    "comments": 471,
    "timestamp_offset_min": 3050,
    "tags": [
      "#JiuJitsu",
      "#Open",
      "#Kimura"
    ]
  },
  {
    "id": "post_0104",
    "author": "@GuilhotinaClub",
    "type": "training",
    "text": "Camp pesado: drill de guarda + drill de finalização. Evolução é repetição. #NoGi",
    "likes": 2876,
    "comments": 644,
    "timestamp_offset_min": 3934,
    "tags": [
      "#Final",
      "#Acaraje",
      "#TatameLive"
    ]
  },
  {
    "id": "post_0105",
    "author": "@AreiaUnderground",
    "type": "apology",
    "text": "Eu errei no calor da luta. Vou ajustar e voltar melhor. #MMA",
    "likes": 3520,
    "comments": 498,
    "timestamp_offset_min": 657,
    "tags": [
      "#Pressao"
    ]
  },
  {
    "id": "post_0106",
    "author": "@GuilhotinaClub",
    "type": "headline",
    "text": "MANCHETE: Federação analisa mudanças no ranking após final apertada. #TatameLive",
    "likes": 1905,
    "comments": 100,
    "timestamp_offset_min": 3970,
    "tags": [
      "#Final",
      "#Triangulo"
    ]
  },
  {
    "id": "post_0107",
    "author": "@RivalEspelho",
    "type": "apology",
    "text": "Eu errei no calor da luta. Vou ajustar e voltar melhor. #NoGi",
    "likes": 2436,
    "comments": 468,
    "timestamp_offset_min": 1975,
    "tags": [
      "#Salvador",
      "#JiuJitsu"
    ]
  },
  {
    "id": "post_0108",
    "author": "@TorcidaSalvador",
    "type": "sponsor",
    "text": "Fechamos com EnergiaDaLuta. Treino, disciplina e resultado. #Queda",
    "likes": 1442,
    "comments": 491,
    "timestamp_offset_min": 3912,
    "tags": [
      "#Kimura"
    ]
  },
  {
    "id": "post_0109",
    "author": "@KimonoTrad",
    "type": "sponsor",
    "text": "Fechamos com KimonoTrad. Treino, disciplina e resultado. #Acaraje",
    "likes": 3502,
    "comments": 30,
    "timestamp_offset_min": 2282,
    "tags": [
      "#Pressao"
    ]
  },
  {
    "id": "post_0110",
    "author": "@KimonoNaVeia",
    "type": "sponsor",
    "text": "Fechamos com RashguardBR. Treino, disciplina e resultado. #MMA",
    "likes": 462,
    "comments": 648,
    "timestamp_offset_min": 3240,
    "tags": [
      "#Aleluyopolis",
      "#NoGi"
    ]
  },
  {
    "id": "post_0111",
    "author": "@FaixaMarromDaRua",
    "type": "clean_win",
    "text": "Vitória limpa e técnica hoje. triângulo bem encaixado. Respeito sempre. #JiuJitsu",
    "likes": 2933,
    "comments": 276,
    "timestamp_offset_min": 2959,
    "tags": [
      "#Final",
      "#AbuDhabi"
    ]
  },
  {
    "id": "post_0112",
    "author": "@JiuJiteiroRaiz",
    "type": "points_win",
    "text": "Ganhou no detalhe: 6x5. Pontuar é arte. #NoGi",
    "likes": 1586,
    "comments": 304,
    "timestamp_offset_min": 3324,
    "tags": [
      "#Aleluyopolis",
      "#AbuDhabi",
      "#NoGi"
    ]
  },
  {
    "id": "post_0113",
    "author": "@GuilhotinaClub",
    "type": "controversy",
    "text": "Arbitragem polêmica no evento… #Open",
    "likes": 1586,
    "comments": 401,
    "timestamp_offset_min": 217,
    "tags": [
      "#Acaraje",
      "#Triangulo",
      "#Treino"
    ]
  },
  {
    "id": "post_0114",
    "author": "@TorcidaSalvador",
    "type": "training",
    "text": "Camp pesado: drill de queda + drill de passagem. Evolução é repetição. #Salvador",
    "likes": 412,
    "comments": 326,
    "timestamp_offset_min": 959,
    "tags": [
      "#Final",
      "#JiuJitsu",
      "#Gi"
    ]
  },
  {
    "id": "post_0115",
    "author": "@FaixaMarromDaRua",
    "type": "points_win",
    "text": "Ganhou no detalhe: 5x0. Pontuar é arte. #ChaveDeBraco",
    "likes": 1919,
    "comments": 629,
    "timestamp_offset_min": 3871,
    "tags": [
      "#ChaveDeBraco",
      "#NoGi"
    ]
  },
  {
    "id": "post_0116",
    "author": "@RankingOficial",
    "type": "sponsor",
    "text": "Fechamos com SuplementoRaiz. Treino, disciplina e resultado. #CriaDoTatame",
    "likes": 1374,
    "comments": 422,
    "timestamp_offset_min": 499,
    "tags": [
      "#Faixa",
      "#Kimura",
      "#CriaDoTatame"
    ]
  },
  {
    "id": "post_0117",
    "author": "@EnergiaDaLuta",
    "type": "apology",
    "text": "Eu errei no calor da luta. Vou ajustar e voltar melhor. #Raspagem",
    "likes": 673,
    "comments": 445,
    "timestamp_offset_min": 940,
    "tags": [
      "#MMA",
      "#CriaDoTatame",
      "#Acaraje"
    ]
  },
  {
    "id": "post_0118",
    "author": "@RashguardBR",
    "type": "apology",
    "text": "Eu errei no calor da luta. Vou ajustar e voltar melhor. #Raspagem",
    "likes": 2734,
    "comments": 71,
    "timestamp_offset_min": 957,
    "tags": [
      "#Raspagem"
    ]
  },
  {
    "id": "post_0119",
    "author": "@GuilhotinaClub",
    "type": "callout",
    "text": "@RivalNoGi falando demais. Quero ver no tatame. #ChaveDeBraco",
    "likes": 1873,
    "comments": 36,
    "timestamp_offset_min": 2956,
    "tags": [
      "#Open"
    ]
  },
  {
    "id": "post_0120",
    "author": "@SuplementoRaiz",
    "type": "points_win",
    "text": "Ganhou no detalhe: 3x8. Pontuar é arte. #Treino",
    "likes": 3788,
    "comments": 564,
    "timestamp_offset_min": 2353,
    "tags": [
      "#Treino",
      "#NoGi",
      "#ChaveDeBraco"
    ]
  },
  {
    "id": "post_0121",
    "author": "@CircuitoBR",
    "type": "headline",
    "text": "MANCHETE: Treinador confirma camp especial antes do evento internacional. #TatameLive",
    "likes": 1023,
    "comments": 198,
    "timestamp_offset_min": 1685,
    "tags": [
      "#Faixa"
    ]
  },
  {
    "id": "post_0122",
    "author": "@KimonoNaVeia",
    "type": "callout",
    "text": "@RivalNoGi falando demais. Quero ver no tatame. #Open",
    "likes": 1554,
    "comments": 85,
    "timestamp_offset_min": 1918,
    "tags": [
      "#MMA"
    ]
  },
  {
    "id": "post_0123",
    "author": "@SaborDaBahia",
    "type": "headline",
    "text": "MANCHETE: Treinador confirma camp especial antes do evento internacional. #Final",
    "likes": 2241,
    "comments": 60,
    "timestamp_offset_min": 4186,
    "tags": [
      "#Pressao"
    ]
  },
  {
    "id": "post_0124",
    "author": "@FaixaMarromDaRua",
    "type": "sponsor",
    "text": "Fechamos com RashguardBR. Treino, disciplina e resultado. #Triangulo",
    "likes": 2304,
    "comments": 560,
    "timestamp_offset_min": 3784,
    "tags": [
      "#Treino"
    ]
  },
  {
    "id": "post_0125",
    "author": "@RivalOficial",
    "type": "points_win",
    "text": "Ganhou no detalhe: 2x7. Pontuar é arte. #Pressao",
    "likes": 2200,
    "comments": 327,
    "timestamp_offset_min": 2587,
    "tags": [
      "#AbuDhabi",
      "#TatameLive",
      "#Faixa"
    ]
  },
  {
    "id": "post_0126",
    "author": "@JiuJiteiroRaiz",
    "type": "clean_win",
    "text": "Vitória limpa e técnica hoje. raspagem da meia bem encaixado. Respeito sempre. #AbuDhabi",
    "likes": 3928,
    "comments": 117,
    "timestamp_offset_min": 1292,
    "tags": [
      "#CriaDoTatame",
      "#Queda",
      "#Final"
    ]
  },
  {
    "id": "post_0127",
    "author": "@KimonoNaVeia",
    "type": "clean_win",
    "text": "Vitória limpa e técnica hoje. mata-leão bem encaixado. Respeito sempre. #Final",
    "likes": 360,
    "comments": 611,
    "timestamp_offset_min": 1544,
    "tags": [
      "#Final",
      "#Raspagem"
    ]
  },
  {
    "id": "post_0128",
    "author": "@RashguardBR",
    "type": "clean_win",
    "text": "Vitória limpa e técnica hoje. passagem joelho na barriga bem encaixado. Respeito sempre. #Treino",
    "likes": 3325,
    "comments": 588,
    "timestamp_offset_min": 350,
    "tags": [
      "#ChaveDeBraco",
      "#Final"
    ]
  },
  {
    "id": "post_0129",
    "author": "@RashguardBR",
    "type": "sponsor",
    "text": "Fechamos com EnergiaDaLuta. Treino, disciplina e resultado. #Raspagem",
    "likes": 1890,
    "comments": 140,
    "timestamp_offset_min": 433,
    "tags": [
      "#Open",
      "#Raspagem"
    ]
  },
  {
    "id": "post_0130",
    "author": "@KimonoNaVeia",
    "type": "apology",
    "text": "Eu errei no calor da luta. Vou ajustar e voltar melhor. #ChaveDeBraco",
    "likes": 4034,
    "comments": 616,
    "timestamp_offset_min": 2622,
    "tags": [
      "#TatameLive",
      "#NoGi"
    ]
  },
  {
    "id": "post_0131",
    "author": "@RivalOficial",
    "type": "underground_win",
    "text": "Na areia não tem conversa: chave de braço e fim. #Triangulo",
    "likes": 955,
    "comments": 570,
    "timestamp_offset_min": 1646,
    "tags": [
      "#AbuDhabi",
      "#Final",
      "#JiuJitsu"
    ]
  },
  {
    "id": "post_0132",
    "author": "@FaixaMarromDaRua",
    "type": "training",
    "text": "Camp pesado: drill de finalização + drill de pressão. Evolução é repetição. #ChaveDeBraco",
    "likes": 3367,
    "comments": 554,
    "timestamp_offset_min": 2173,
    "tags": [
      "#Queda",
      "#Open",
      "#Gi"
    ]
  },
  {
    "id": "post_0133",
    "author": "@JiuJiteiroRaiz",
    "type": "apology",
    "text": "Eu errei no calor da luta. Vou ajustar e voltar melhor. #Acaraje",
    "likes": 1503,
    "comments": 200,
    "timestamp_offset_min": 1954,
    "tags": [
      "#AbuDhabi"
    ]
  },
  {
    "id": "post_0134",
    "author": "@MundoNoGi",
    "type": "headline",
    "text": "MANCHETE: Treinador confirma camp especial antes do evento internacional. #Final",
    "likes": 2771,
    "comments": 564,
    "timestamp_offset_min": 2162,
    "tags": [
      "#Kimura",
      "#Gi"
    ]
  },
  {
    "id": "post_0135",
    "author": "@SuplementoRaiz",
    "type": "points_win",
    "text": "Ganhou no detalhe: 2x2. Pontuar é arte. #MMA",
    "likes": 1544,
    "comments": 494,
    "timestamp_offset_min": 1999,
    "tags": [
      "#Raspagem",
      "#Aleluyopolis",
      "#NoGi"
    ]
  },
  {
    "id": "post_0136",
    "author": "@SaborDaBahia",
    "type": "apology",
    "text": "Eu errei no calor da luta. Vou ajustar e voltar melhor. #JiuJitsu",
    "likes": 2836,
    "comments": 5,
    "timestamp_offset_min": 656,
    "tags": [
      "#Faixa",
      "#TatameLive"
    ]
  },
  {
    "id": "post_0137",
    "author": "@FaixaMarromDaRua",
    "type": "headline",
    "text": "MANCHETE: Federação analisa mudanças no ranking após final apertada. #MMA",
    "likes": 3031,
    "comments": 270,
    "timestamp_offset_min": 2599,
    "tags": [
      "#Faixa"
    ]
  },
  {
    "id": "post_0138",
    "author": "@KimonoNaVeia",
    "type": "sponsor",
    "text": "Fechamos com EnergiaDaLuta. Treino, disciplina e resultado. #AbuDhabi",
    "likes": 2643,
    "comments": 335,
    "timestamp_offset_min": 540,
    "tags": [
      "#JiuJitsu",
      "#Queda",
      "#Kimura"
    ]
  },
  {
    "id": "post_0139",
    "author": "@SaborDaBahia",
    "type": "apology",
    "text": "Eu errei no calor da luta. Vou ajustar e voltar melhor. #TatameLive",
    "likes": 331,
    "comments": 323,
    "timestamp_offset_min": 1327,
    "tags": [
      "#Kimura",
      "#TatameLive"
    ]
  },
  {
    "id": "post_0140",
    "author": "@RashguardBR",
    "type": "points_win",
    "text": "Ganhou no detalhe: 7x3. Pontuar é arte. #ChaveDeBraco",
    "likes": 3494,
    "comments": 467,
    "timestamp_offset_min": 3482,
    "tags": [
      "#Kimura",
      "#Raspagem",
      "#Treino"
    ]
  },
  {
    "id": "post_0141",
    "author": "@GuilhotinaClub",
    "type": "apology",
    "text": "Eu errei no calor da luta. Vou ajustar e voltar melhor. #Kimura",
    "likes": 422,
    "comments": 602,
    "timestamp_offset_min": 4172,
    "tags": [
      "#JiuJitsu",
      "#Raspagem",
      "#NoGi"
    ]
  },
  {
    "id": "post_0142",
    "author": "@MundoNoGi",
    "type": "headline",
    "text": "MANCHETE: Federação analisa mudanças no ranking após final apertada. #Queda",
    "likes": 496,
    "comments": 621,
    "timestamp_offset_min": 485,
    "tags": [
      "#Treino",
      "#NoGi"
    ]
  },
  {
    "id": "post_0143",
    "author": "@SaborDaBahia",
    "type": "controversy",
    "text": "Arbitragem polêmica no evento… #Salvador",
    "likes": 3103,
    "comments": 328,
    "timestamp_offset_min": 4194,
    "tags": [
      "#Kimura",
      "#Acaraje",
      "#JiuJitsu"
    ]
  },
  {
    "id": "post_0144",
    "author": "@SuplementoRaiz",
    "type": "headline",
    "text": "MANCHETE: Federação analisa mudanças no ranking após final apertada. #Final",
    "likes": 3473,
    "comments": 484,
    "timestamp_offset_min": 4073,
    "tags": [
      "#Final",
      "#Treino"
    ]
  },
  {
    "id": "post_0145",
    "author": "@RivalEspelho",
    "type": "controversy",
    "text": "Arbitragem polêmica no evento… #Kimura",
    "likes": 1541,
    "comments": 238,
    "timestamp_offset_min": 562,
    "tags": [
      "#Acaraje",
      "#Faixa"
    ]
  },
  {
    "id": "post_0146",
    "author": "@MundoNoGi",
    "type": "underground_win",
    "text": "Na areia não tem conversa: chave de braço e fim. #Gi",
    "likes": 316,
    "comments": 63,
    "timestamp_offset_min": 698,
    "tags": [
      "#AbuDhabi",
      "#Open",
      "#TatameLive"
    ]
  },
  {
    "id": "post_0147",
    "author": "@TatameNews",
    "type": "controversy",
    "text": "Arbitragem polêmica no evento… #NoGi",
    "likes": 965,
    "comments": 520,
    "timestamp_offset_min": 532,
    "tags": [
      "#JiuJitsu",
      "#Open",
      "#Final"
    ]
  },
  {
    "id": "post_0148",
    "author": "@KimonoNaVeia",
    "type": "sponsor",
    "text": "Fechamos com RashguardBR. Treino, disciplina e resultado. #Treino",
    "likes": 1445,
    "comments": 208,
    "timestamp_offset_min": 4039,
    "tags": [
      "#ChaveDeBraco",
      "#Faixa",
      "#Aleluyopolis"
    ]
  },
  {
    "id": "post_0149",
    "author": "@RivalOficial",
    "type": "headline",
    "text": "MANCHETE: Federação analisa mudanças no ranking após final apertada. #CriaDoTatame",
    "likes": 2506,
    "comments": 635,
    "timestamp_offset_min": 4208,
    "tags": [
      "#Open"
    ]
  },
  {
    "id": "post_0150",
    "author": "@JiuJiteiroRaiz",
    "type": "training",
    "text": "Camp pesado: drill de guarda + drill de finalização. Evolução é repetição. #Open",
    "likes": 1895,
    "comments": 141,
    "timestamp_offset_min": 157,
    "tags": [
      "#Triangulo"
    ]
  },
  {
    "id": "post_0151",
    "author": "@TorcidaSalvador",
    "type": "sponsor",
    "text": "Fechamos com EnergiaDaLuta. Treino, disciplina e resultado. #ChaveDeBraco",
    "likes": 1999,
    "comments": 20,
    "timestamp_offset_min": 1426,
    "tags": [
      "#Raspagem"
    ]
  },
  {
    "id": "post_0152",
    "author": "@MundoNoGi",
    "type": "apology",
    "text": "Eu errei no calor da luta. Vou ajustar e voltar melhor. #Acaraje",
    "likes": 1555,
    "comments": 281,
    "timestamp_offset_min": 3714,
    "tags": [
      "#CriaDoTatame",
      "#Triangulo"
    ]
  },
  {
    "id": "post_0153",
    "author": "@TatameNews",
    "type": "controversy",
    "text": "Arbitragem polêmica no evento… #Open",
    "likes": 2041,
    "comments": 603,
    "timestamp_offset_min": 1867,
    "tags": [
      "#Queda",
      "#Kimura",
      "#Aleluyopolis"
    ]
  },
  {
    "id": "post_0154",
    "author": "@TorcidaSalvador",
    "type": "sponsor",
    "text": "Fechamos com KimonoTrad. Treino, disciplina e resultado. #JiuJitsu",
    "likes": 3832,
    "comments": 352,
    "timestamp_offset_min": 1488,
    "tags": [
      "#Raspagem"
    ]
  },
  {
    "id": "post_0155",
    "author": "@FaixaMarromDaRua",
    "type": "callout",
    "text": "@RivalEspelho falando demais. Quero ver no tatame. #ChaveDeBraco",
    "likes": 1907,
    "comments": 54,
    "timestamp_offset_min": 932,
    "tags": [
      "#Open",
      "#JiuJitsu",
      "#Kimura"
    ]
  },
  {
    "id": "post_0156",
    "author": "@FaixaMarromDaRua",
    "type": "callout",
    "text": "@RivalNoGi falando demais. Quero ver no tatame. #Salvador",
    "likes": 3822,
    "comments": 79,
    "timestamp_offset_min": 3397,
    "tags": [
      "#Treino",
      "#AbuDhabi"
    ]
  },
  {
    "id": "post_0157",
    "author": "@AreiaUnderground",
    "type": "clean_win",
    "text": "Vitória limpa e técnica hoje. queda de quadril bem encaixado. Respeito sempre. #AbuDhabi",
    "likes": 1251,
    "comments": 319,
    "timestamp_offset_min": 1882,
    "tags": [
      "#Final",
      "#Faixa",
      "#Salvador"
    ]
  },
  {
    "id": "post_0158",
    "author": "@KimonoTrad",
    "type": "underground_win",
    "text": "Na areia não tem conversa: chave de braço e fim. #NoGi",
    "likes": 3847,
    "comments": 591,
    "timestamp_offset_min": 3456,
    "tags": [
      "#AbuDhabi",
      "#Acaraje"
    ]
  },
  {
    "id": "post_0159",
    "author": "@GuilhotinaClub",
    "type": "clean_win",
    "text": "Vitória limpa e técnica hoje. triângulo bem encaixado. Respeito sempre. #Acaraje",
    "likes": 3555,
    "comments": 624,
    "timestamp_offset_min": 2728,
    "tags": [
      "#Final",
      "#Gi"
    ]
  },
  {
    "id": "post_0160",
    "author": "@EnergiaDaLuta",
    "type": "apology",
    "text": "Eu errei no calor da luta. Vou ajustar e voltar melhor. #JiuJitsu",
    "likes": 1924,
    "comments": 556,
    "timestamp_offset_min": 1517,
    "tags": [
      "#NoGi",
      "#Final",
      "#Kimura"
    ]
  },
  {
    "id": "post_0161",
    "author": "@RashguardBR",
    "type": "apology",
    "text": "Eu errei no calor da luta. Vou ajustar e voltar melhor. #Salvador",
    "likes": 3594,
    "comments": 396,
    "timestamp_offset_min": 2866,
    "tags": [
      "#Faixa",
      "#CriaDoTatame"
    ]
  },
  {
    "id": "post_0162",
    "author": "@MundoNoGi",
    "type": "sponsor",
    "text": "Fechamos com SuplementoRaiz. Treino, disciplina e resultado. #Pressao",
    "likes": 2112,
    "comments": 324,
    "timestamp_offset_min": 4114,
    "tags": [
      "#Open"
    ]
  },
  {
    "id": "post_0163",
    "author": "@RankingOficial",
    "type": "controversy",
    "text": "Arbitragem polêmica no evento… #JiuJitsu",
    "likes": 4161,
    "comments": 204,
    "timestamp_offset_min": 2147,
    "tags": [
      "#Aleluyopolis",
      "#Open"
    ]
  },
  {
    "id": "post_0164",
    "author": "@AreiaUnderground",
    "type": "headline",
    "text": "MANCHETE: Treinador confirma camp especial antes do evento internacional. #Salvador",
    "likes": 3539,
    "comments": 122,
    "timestamp_offset_min": 3411,
    "tags": [
      "#Kimura"
    ]
  },
  {
    "id": "post_0165",
    "author": "@RashguardBR",
    "type": "clean_win",
    "text": "Vitória limpa e técnica hoje. estrangulamento na gola bem encaixado. Respeito sempre. #NoGi",
    "likes": 3316,
    "comments": 96,
    "timestamp_offset_min": 887,
    "tags": [
      "#AbuDhabi",
      "#Queda",
      "#MMA"
    ]
  },
  {
    "id": "post_0166",
    "author": "@RashguardBR",
    "type": "training",
    "text": "Camp pesado: drill de passagem + drill de guarda. Evolução é repetição. #TatameLive",
    "likes": 1265,
    "comments": 207,
    "timestamp_offset_min": 4212,
    "tags": [
      "#Open"
    ]
  },
  {
    "id": "post_0167",
    "author": "@FaixaMarromDaRua",
    "type": "controversy",
    "text": "Arbitragem polêmica no evento… #Triangulo",
    "likes": 159,
    "comments": 370,
    "timestamp_offset_min": 1149,
    "tags": [
      "#MMA",
      "#Aleluyopolis"
    ]
  },
  {
    "id": "post_0168",
    "author": "@FaixaMarromDaRua",
    "type": "callout",
    "text": "@RivalNoGi falando demais. Quero ver no tatame. #Queda",
    "likes": 1555,
    "comments": 249,
    "timestamp_offset_min": 4,
    "tags": [
      "#CriaDoTatame"
    ]
  },
  {
    "id": "post_0169",
    "author": "@KimonoTrad",
    "type": "sponsor",
    "text": "Fechamos com KimonoTrad. Treino, disciplina e resultado. #MMA",
    "likes": 3579,
    "comments": 606,
    "timestamp_offset_min": 4130,
    "tags": [
      "#Aleluyopolis",
      "#Faixa"
    ]
  },
  {
    "id": "post_0170",
    "author": "@RashguardBR",
    "type": "training",
    "text": "Camp pesado: drill de guarda + drill de guarda. Evolução é repetição. #Aleluyopolis",
    "likes": 756,
    "comments": 233,
    "timestamp_offset_min": 1447,
    "tags": [
      "#Treino"
    ]
  },
  {
    "id": "post_0171",
    "author": "@RankingOficial",
    "type": "headline",
    "text": "MANCHETE: Rival provoca e marca luta decisiva no próximo Open. #NoGi",
    "likes": 1342,
    "comments": 53,
    "timestamp_offset_min": 2503,
    "tags": [
      "#JiuJitsu"
    ]
  },
  {
    "id": "post_0172",
    "author": "@RivalOficial",
    "type": "headline",
    "text": "MANCHETE: Vídeo de finalização viraliza e divide opiniões. #Treino",
    "likes": 546,
    "comments": 181,
    "timestamp_offset_min": 185,
    "tags": [
      "#Kimura",
      "#Final"
    ]
  },
  {
    "id": "post_0173",
    "author": "@JiuJiteiroRaiz",
    "type": "sponsor",
    "text": "Fechamos com RashguardBR. Treino, disciplina e resultado. #Gi",
    "likes": 2544,
    "comments": 185,
    "timestamp_offset_min": 366,
    "tags": [
      "#Raspagem",
      "#MMA",
      "#Treino"
    ]
  },
  {
    "id": "post_0174",
    "author": "@TatameNews",
    "type": "apology",
    "text": "Eu errei no calor da luta. Vou ajustar e voltar melhor. #Faixa",
    "likes": 1468,
    "comments": 262,
    "timestamp_offset_min": 2794,
    "tags": [
      "#Aleluyopolis"
    ]
  },
  {
    "id": "post_0175",
    "author": "@KimonoTrad",
    "type": "apology",
    "text": "Eu errei no calor da luta. Vou ajustar e voltar melhor. #Kimura",
    "likes": 4137,
    "comments": 497,
    "timestamp_offset_min": 3423,
    "tags": [
      "#Triangulo"
    ]
  },
  {
    "id": "post_0176",
    "author": "@EnergiaDaLuta",
    "type": "apology",
    "text": "Eu errei no calor da luta. Vou ajustar e voltar melhor. #Gi",
    "likes": 1968,
    "comments": 420,
    "timestamp_offset_min": 3666,
    "tags": [
      "#Kimura",
      "#Pressao"
    ]
  },
  {
    "id": "post_0177",
    "author": "@EnergiaDaLuta",
    "type": "underground_win",
    "text": "Na areia não tem conversa: triângulo e fim. #Final",
    "likes": 2140,
    "comments": 126,
    "timestamp_offset_min": 1205,
    "tags": [
      "#NoGi",
      "#Faixa",
      "#Treino"
    ]
  },
  {
    "id": "post_0178",
    "author": "@FaixaMarromDaRua",
    "type": "underground_win",
    "text": "Na areia não tem conversa: passagem joelho na barriga e fim. #Kimura",
    "likes": 1465,
    "comments": 383,
    "timestamp_offset_min": 1906,
    "tags": [
      "#Triangulo",
      "#ChaveDeBraco"
    ]
  },
  {
    "id": "post_0179",
    "author": "@RivalOficial",
    "type": "clean_win",
    "text": "Vitória limpa e técnica hoje. triângulo bem encaixado. Respeito sempre. #Final",
    "likes": 3740,
    "comments": 189,
    "timestamp_offset_min": 3634,
    "tags": [
      "#Raspagem"
    ]
  },
  {
    "id": "post_0180",
    "author": "@RivalOficial",
    "type": "clean_win",
    "text": "Vitória limpa e técnica hoje. chave de braço bem encaixado. Respeito sempre. #Triangulo",
    "likes": 925,
    "comments": 130,
    "timestamp_offset_min": 3499,
    "tags": [
      "#Kimura",
      "#Open"
    ]
  },
  {
    "id": "post_0181",
    "author": "@FaixaMarromDaRua",
    "type": "sponsor",
    "text": "Fechamos com KimonoTrad. Treino, disciplina e resultado. #Salvador",
    "likes": 3479,
    "comments": 91,
    "timestamp_offset_min": 785,
    "tags": [
      "#MMA",
      "#Final",
      "#Gi"
    ]
  },
  {
    "id": "post_0182",
    "author": "@JiuJiteiroRaiz",
    "type": "sponsor",
    "text": "Fechamos com SuplementoRaiz. Treino, disciplina e resultado. #Triangulo",
    "likes": 782,
    "comments": 447,
    "timestamp_offset_min": 640,
    "tags": [
      "#Triangulo",
      "#Queda",
      "#AbuDhabi"
    ]
  },
  {
    "id": "post_0183",
    "author": "@KimonoNaVeia",
    "type": "headline",
    "text": "MANCHETE: Vídeo de finalização viraliza e divide opiniões. #Kimura",
    "likes": 2435,
    "comments": 89,
    "timestamp_offset_min": 2752,
    "tags": [
      "#JiuJitsu",
      "#Treino"
    ]
  },
  {
    "id": "post_0184",
    "author": "@KimonoNaVeia",
    "type": "training",
    "text": "Camp pesado: drill de passagem + drill de pressão. Evolução é repetição. #Salvador",
    "likes": 798,
    "comments": 228,
    "timestamp_offset_min": 1087,
    "tags": [
      "#Treino",
      "#Acaraje",
      "#Final"
    ]
  },
  {
    "id": "post_0185",
    "author": "@EnergiaDaLuta",
    "type": "callout",
    "text": "@RivalNoGi falando demais. Quero ver no tatame. #CriaDoTatame",
    "likes": 3903,
    "comments": 204,
    "timestamp_offset_min": 4153,
    "tags": [
      "#MMA",
      "#Salvador"
    ]
  },
  {
    "id": "post_0186",
    "author": "@KimonoNaVeia",
    "type": "callout",
    "text": "@RivalNoGi falando demais. Quero ver no tatame. #CriaDoTatame",
    "likes": 3854,
    "comments": 184,
    "timestamp_offset_min": 2549,
    "tags": [
      "#CriaDoTatame",
      "#Aleluyopolis",
      "#Salvador"
    ]
  },
  {
    "id": "post_0187",
    "author": "@MundoNoGi",
    "type": "controversy",
    "text": "Arbitragem polêmica no evento… #Gi",
    "likes": 3824,
    "comments": 201,
    "timestamp_offset_min": 1654,
    "tags": [
      "#NoGi",
      "#Gi"
    ]
  },
  {
    "id": "post_0188",
    "author": "@SaborDaBahia",
    "type": "clean_win",
    "text": "Vitória limpa e técnica hoje. queda de quadril bem encaixado. Respeito sempre. #Triangulo",
    "likes": 3012,
    "comments": 350,
    "timestamp_offset_min": 1173,
    "tags": [
      "#TatameLive",
      "#Open",
      "#Faixa"
    ]
  },
  {
    "id": "post_0189",
    "author": "@SuplementoRaiz",
    "type": "callout",
    "text": "@RivalEspelho falando demais. Quero ver no tatame. #CriaDoTatame",
    "likes": 108,
    "comments": 26,
    "timestamp_offset_min": 3501,
    "tags": [
      "#Salvador"
    ]
  },
  {
    "id": "post_0190",
    "author": "@RankingOficial",
    "type": "apology",
    "text": "Eu errei no calor da luta. Vou ajustar e voltar melhor. #Gi",
    "likes": 2803,
    "comments": 396,
    "timestamp_offset_min": 762,
    "tags": [
      "#NoGi",
      "#Gi"
    ]
  },
  {
    "id": "post_0191",
    "author": "@RashguardBR",
    "type": "points_win",
    "text": "Ganhou no detalhe: 7x4. Pontuar é arte. #Final",
    "likes": 1050,
    "comments": 272,
    "timestamp_offset_min": 2934,
    "tags": [
      "#Queda",
      "#TatameLive"
    ]
  },
  {
    "id": "post_0192",
    "author": "@FaixaMarromDaRua",
    "type": "apology",
    "text": "Eu errei no calor da luta. Vou ajustar e voltar melhor. #Kimura",
    "likes": 2295,
    "comments": 320,
    "timestamp_offset_min": 2725,
    "tags": [
      "#Aleluyopolis",
      "#Salvador",
      "#MMA"
    ]
  },
  {
    "id": "post_0193",
    "author": "@AreiaUnderground",
    "type": "sponsor",
    "text": "Fechamos com RashguardBR. Treino, disciplina e resultado. #ChaveDeBraco",
    "likes": 3682,
    "comments": 211,
    "timestamp_offset_min": 2509,
    "tags": [
      "#Aleluyopolis"
    ]
  },
  {
    "id": "post_0194",
    "author": "@RashguardBR",
    "type": "training",
    "text": "Camp pesado: drill de passagem + drill de passagem. Evolução é repetição. #Gi",
    "likes": 2104,
    "comments": 505,
    "timestamp_offset_min": 3733,
    "tags": [
      "#Final",
      "#Aleluyopolis",
      "#CriaDoTatame"
    ]
  },
  {
    "id": "post_0195",
    "author": "@RivalNoGi",
    "type": "apology",
    "text": "Eu errei no calor da luta. Vou ajustar e voltar melhor. #Pressao",
    "likes": 265,
    "comments": 445,
    "timestamp_offset_min": 3309,
    "tags": [
      "#Triangulo"
    ]
  },
  {
    "id": "post_0196",
    "author": "@KimonoTrad",
    "type": "training",
    "text": "Camp pesado: drill de queda + drill de passagem. Evolução é repetição. #Queda",
    "likes": 3237,
    "comments": 393,
    "timestamp_offset_min": 2321,
    "tags": [
      "#Raspagem",
      "#Treino"
    ]
  },
  {
    "id": "post_0197",
    "author": "@TatameNews",
    "type": "sponsor",
    "text": "Fechamos com EnergiaDaLuta. Treino, disciplina e resultado. #NoGi",
    "likes": 1402,
    "comments": 594,
    "timestamp_offset_min": 265,
    "tags": [
      "#ChaveDeBraco",
      "#MMA",
      "#Salvador"
    ]
  },
  {
    "id": "post_0198",
    "author": "@FaixaMarromDaRua",
    "type": "clean_win",
    "text": "Vitória limpa e técnica hoje. raspagem da meia bem encaixado. Respeito sempre. #Salvador",
    "likes": 3361,
    "comments": 621,
    "timestamp_offset_min": 2567,
    "tags": [
      "#Pressao",
      "#Open",
      "#Salvador"
    ]
  },
  {
    "id": "post_0199",
    "author": "@CircuitoBR",
    "type": "callout",
    "text": "@RivalEspelho falando demais. Quero ver no tatame. #Open",
    "likes": 108,
    "comments": 394,
    "timestamp_offset_min": 2787,
    "tags": [
      "#CriaDoTatame"
    ]
  },
  {
    "id": "post_0200",
    "author": "@MundoNoGi",
    "type": "controversy",
    "text": "Arbitragem polêmica no evento… #Raspagem",
    "likes": 4152,
    "comments": 649,
    "timestamp_offset_min": 3507,
    "tags": [
      "#Treino"
    ]
  },
  {
    "id": "post_0201",
    "author": "@GuilhotinaClub",
    "type": "sponsor",
    "text": "Fechamos com EnergiaDaLuta. Treino, disciplina e resultado. #Open",
    "likes": 2596,
    "comments": 604,
    "timestamp_offset_min": 3816,
    "tags": [
      "#Queda",
      "#Acaraje"
    ]
  },
  {
    "id": "post_0202",
    "author": "@FaixaMarromDaRua",
    "type": "apology",
    "text": "Eu errei no calor da luta. Vou ajustar e voltar melhor. #Raspagem",
    "likes": 2641,
    "comments": 400,
    "timestamp_offset_min": 3799,
    "tags": [
      "#Open",
      "#Salvador",
      "#CriaDoTatame"
    ]
  },
  {
    "id": "post_0203",
    "author": "@RashguardBR",
    "type": "sponsor",
    "text": "Fechamos com SuplementoRaiz. Treino, disciplina e resultado. #Treino",
    "likes": 2019,
    "comments": 624,
    "timestamp_offset_min": 1249,
    "tags": [
      "#Pressao",
      "#TatameLive"
    ]
  },
  {
    "id": "post_0204",
    "author": "@SuplementoRaiz",
    "type": "sponsor",
    "text": "Fechamos com KimonoTrad. Treino, disciplina e resultado. #Acaraje",
    "likes": 938,
    "comments": 559,
    "timestamp_offset_min": 288,
    "tags": [
      "#CriaDoTatame",
      "#ChaveDeBraco"
    ]
  },
  {
    "id": "post_0205",
    "author": "@SuplementoRaiz",
    "type": "training",
    "text": "Camp pesado: drill de passagem + drill de scramble. Evolução é repetição. #Queda",
    "likes": 2979,
    "comments": 292,
    "timestamp_offset_min": 4033,
    "tags": [
      "#Aleluyopolis"
    ]
  },
  {
    "id": "post_0206",
    "author": "@EnergiaDaLuta",
    "type": "apology",
    "text": "Eu errei no calor da luta. Vou ajustar e voltar melhor. #Final",
    "likes": 1523,
    "comments": 487,
    "timestamp_offset_min": 2367,
    "tags": [
      "#Aleluyopolis",
      "#Raspagem",
      "#Queda"
    ]
  },
  {
    "id": "post_0207",
    "author": "@AreiaUnderground",
    "type": "callout",
    "text": "@RivalNoGi falando demais. Quero ver no tatame. #Treino",
    "likes": 3562,
    "comments": 587,
    "timestamp_offset_min": 1040,
    "tags": [
      "#Queda",
      "#Kimura",
      "#Pressao"
    ]
  },
  {
    "id": "post_0208",
    "author": "@KimonoNaVeia",
    "type": "headline",
    "text": "MANCHETE: Treinador confirma camp especial antes do evento internacional. #MMA",
    "likes": 623,
    "comments": 7,
    "timestamp_offset_min": 4263,
    "tags": [
      "#TatameLive"
    ]
  },
  {
    "id": "post_0209",
    "author": "@EnergiaDaLuta",
    "type": "headline",
    "text": "MANCHETE: Rival provoca e marca luta decisiva no próximo Open. #Kimura",
    "likes": 2950,
    "comments": 184,
    "timestamp_offset_min": 2280,
    "tags": [
      "#JiuJitsu",
      "#Open",
      "#Gi"
    ]
  },
  {
    "id": "post_0210",
    "author": "@EnergiaDaLuta",
    "type": "clean_win",
    "text": "Vitória limpa e técnica hoje. queda de quadril bem encaixado. Respeito sempre. #Final",
    "likes": 2921,
    "comments": 203,
    "timestamp_offset_min": 1718,
    "tags": [
      "#NoGi",
      "#Final"
    ]
  },
  {
    "id": "post_0211",
    "author": "@RivalNoGi",
    "type": "controversy",
    "text": "Arbitragem polêmica no evento… #AbuDhabi",
    "likes": 3496,
    "comments": 24,
    "timestamp_offset_min": 1340,
    "tags": [
      "#Treino"
    ]
  },
  {
    "id": "post_0212",
    "author": "@KimonoNaVeia",
    "type": "sponsor",
    "text": "Fechamos com KimonoTrad. Treino, disciplina e resultado. #Faixa",
    "likes": 622,
    "comments": 143,
    "timestamp_offset_min": 1827,
    "tags": [
      "#Acaraje",
      "#Aleluyopolis",
      "#Queda"
    ]
  },
  {
    "id": "post_0213",
    "author": "@FaixaMarromDaRua",
    "type": "sponsor",
    "text": "Fechamos com SuplementoRaiz. Treino, disciplina e resultado. #AbuDhabi",
    "likes": 3185,
    "comments": 285,
    "timestamp_offset_min": 701,
    "tags": [
      "#Salvador",
      "#Raspagem"
    ]
  },
  {
    "id": "post_0214",
    "author": "@SuplementoRaiz",
    "type": "apology",
    "text": "Eu errei no calor da luta. Vou ajustar e voltar melhor. #ChaveDeBraco",
    "likes": 2924,
    "comments": 294,
    "timestamp_offset_min": 2235,
    "tags": [
      "#Aleluyopolis"
    ]
  },
  {
    "id": "post_0215",
    "author": "@RankingOficial",
    "type": "points_win",
    "text": "Ganhou no detalhe: 5x6. Pontuar é arte. #Open",
    "likes": 4038,
    "comments": 555,
    "timestamp_offset_min": 3635,
    "tags": [
      "#Raspagem"
    ]
  },
  {
    "id": "post_0216",
    "author": "@EnergiaDaLuta",
    "type": "controversy",
    "text": "Arbitragem polêmica no evento… #TatameLive",
    "likes": 4109,
    "comments": 350,
    "timestamp_offset_min": 2933,
    "tags": [
      "#Open",
      "#Salvador"
    ]
  },
  {
    "id": "post_0217",
    "author": "@KimonoTrad",
    "type": "apology",
    "text": "Eu errei no calor da luta. Vou ajustar e voltar melhor. #MMA",
    "likes": 85,
    "comments": 611,
    "timestamp_offset_min": 4193,
    "tags": [
      "#TatameLive"
    ]
  },
  {
    "id": "post_0218",
    "author": "@MundoNoGi",
    "type": "points_win",
    "text": "Ganhou no detalhe: 2x0. Pontuar é arte. #NoGi",
    "likes": 514,
    "comments": 113,
    "timestamp_offset_min": 2565,
    "tags": [
      "#Open",
      "#Acaraje",
      "#Final"
    ]
  },
  {
    "id": "post_0219",
    "author": "@RankingOficial",
    "type": "sponsor",
    "text": "Fechamos com SuplementoRaiz. Treino, disciplina e resultado. #NoGi",
    "likes": 3762,
    "comments": 505,
    "timestamp_offset_min": 2531,
    "tags": [
      "#Pressao",
      "#Raspagem",
      "#TatameLive"
    ]
  },
  {
    "id": "post_0220",
    "author": "@RashguardBR",
    "type": "training",
    "text": "Camp pesado: drill de passagem + drill de raspagem. Evolução é repetição. #Aleluyopolis",
    "likes": 1634,
    "comments": 374,
    "timestamp_offset_min": 3218,
    "tags": [
      "#Triangulo",
      "#Treino",
      "#Queda"
    ]
  },
  {
    "id": "post_0221",
    "author": "@MundoNoGi",
    "type": "clean_win",
    "text": "Vitória limpa e técnica hoje. queda de quadril bem encaixado. Respeito sempre. #Treino",
    "likes": 742,
    "comments": 12,
    "timestamp_offset_min": 2121,
    "tags": [
      "#Salvador",
      "#CriaDoTatame"
    ]
  },
  {
    "id": "post_0222",
    "author": "@EnergiaDaLuta",
    "type": "headline",
    "text": "MANCHETE: Vídeo de finalização viraliza e divide opiniões. #Aleluyopolis",
    "likes": 2202,
    "comments": 58,
    "timestamp_offset_min": 920,
    "tags": [
      "#JiuJitsu",
      "#Open",
      "#Final"
    ]
  },
  {
    "id": "post_0223",
    "author": "@KimonoNaVeia",
    "type": "callout",
    "text": "@RivalNoGi falando demais. Quero ver no tatame. #JiuJitsu",
    "likes": 978,
    "comments": 465,
    "timestamp_offset_min": 217,
    "tags": [
      "#Final"
    ]
  },
  {
    "id": "post_0224",
    "author": "@KimonoNaVeia",
    "type": "clean_win",
    "text": "Vitória limpa e técnica hoje. mata-leão bem encaixado. Respeito sempre. #Pressao",
    "likes": 3886,
    "comments": 533,
    "timestamp_offset_min": 1900,
    "tags": [
      "#Open",
      "#Aleluyopolis"
    ]
  },
  {
    "id": "post_0225",
    "author": "@TatameNews",
    "type": "apology",
    "text": "Eu errei no calor da luta. Vou ajustar e voltar melhor. #Faixa",
    "likes": 1926,
    "comments": 222,
    "timestamp_offset_min": 2094,
    "tags": [
      "#MMA",
      "#Faixa"
    ]
  },
  {
    "id": "post_0226",
    "author": "@AreiaUnderground",
    "type": "training",
    "text": "Camp pesado: drill de guarda + drill de queda. Evolução é repetição. #MMA",
    "likes": 3204,
    "comments": 428,
    "timestamp_offset_min": 2157,
    "tags": [
      "#Queda"
    ]
  },
  {
    "id": "post_0227",
    "author": "@RivalNoGi",
    "type": "points_win",
    "text": "Ganhou no detalhe: 8x1. Pontuar é arte. #Raspagem",
    "likes": 2739,
    "comments": 249,
    "timestamp_offset_min": 1888,
    "tags": [
      "#JiuJitsu",
      "#NoGi"
    ]
  },
  {
    "id": "post_0228",
    "author": "@EnergiaDaLuta",
    "type": "points_win",
    "text": "Ganhou no detalhe: 2x5. Pontuar é arte. #Faixa",
    "likes": 1714,
    "comments": 405,
    "timestamp_offset_min": 247,
    "tags": [
      "#Triangulo",
      "#NoGi"
    ]
  },
  {
    "id": "post_0229",
    "author": "@CircuitoBR",
    "type": "callout",
    "text": "@RivalEspelho falando demais. Quero ver no tatame. #CriaDoTatame",
    "likes": 3183,
    "comments": 577,
    "timestamp_offset_min": 1907,
    "tags": [
      "#Open",
      "#Acaraje"
    ]
  },
  {
    "id": "post_0230",
    "author": "@KimonoTrad",
    "type": "points_win",
    "text": "Ganhou no detalhe: 2x6. Pontuar é arte. #Faixa",
    "likes": 662,
    "comments": 607,
    "timestamp_offset_min": 1725,
    "tags": [
      "#Kimura",
      "#Pressao",
      "#JiuJitsu"
    ]
  },
  {
    "id": "post_0231",
    "author": "@GuilhotinaClub",
    "type": "sponsor",
    "text": "Fechamos com SuplementoRaiz. Treino, disciplina e resultado. #JiuJitsu",
    "likes": 1356,
    "comments": 501,
    "timestamp_offset_min": 2356,
    "tags": [
      "#Queda",
      "#AbuDhabi"
    ]
  },
  {
    "id": "post_0232",
    "author": "@AreiaUnderground",
    "type": "training",
    "text": "Camp pesado: drill de passagem + drill de raspagem. Evolução é repetição. #MMA",
    "likes": 291,
    "comments": 390,
    "timestamp_offset_min": 473,
    "tags": [
      "#ChaveDeBraco"
    ]
  },
  {
    "id": "post_0233",
    "author": "@MundoNoGi",
    "type": "points_win",
    "text": "Ganhou no detalhe: 7x6. Pontuar é arte. #AbuDhabi",
    "likes": 3961,
    "comments": 400,
    "timestamp_offset_min": 2856,
    "tags": [
      "#Gi",
      "#Kimura",
      "#Salvador"
    ]
  },
  {
    "id": "post_0234",
    "author": "@AreiaUnderground",
    "type": "underground_win",
    "text": "Na areia não tem conversa: kimura e fim. #JiuJitsu",
    "likes": 2493,
    "comments": 322,
    "timestamp_offset_min": 1228,
    "tags": [
      "#Triangulo"
    ]
  },
  {
    "id": "post_0235",
    "author": "@EnergiaDaLuta",
    "type": "underground_win",
    "text": "Na areia não tem conversa: passagem joelho na barriga e fim. #Kimura",
    "likes": 4099,
    "comments": 72,
    "timestamp_offset_min": 1869,
    "tags": [
      "#Salvador",
      "#Final"
    ]
  },
  {
    "id": "post_0236",
    "author": "@GuilhotinaClub",
    "type": "points_win",
    "text": "Ganhou no detalhe: 7x5. Pontuar é arte. #Salvador",
    "likes": 2235,
    "comments": 594,
    "timestamp_offset_min": 2219,
    "tags": [
      "#TatameLive"
    ]
  },
  {
    "id": "post_0237",
    "author": "@MundoNoGi",
    "type": "points_win",
    "text": "Ganhou no detalhe: 6x1. Pontuar é arte. #JiuJitsu",
    "likes": 1170,
    "comments": 281,
    "timestamp_offset_min": 2449,
    "tags": [
      "#Kimura",
      "#CriaDoTatame",
      "#Pressao"
    ]
  },
  {
    "id": "post_0238",
    "author": "@JiuJiteiroRaiz",
    "type": "controversy",
    "text": "Arbitragem polêmica no evento… #Salvador",
    "likes": 2390,
    "comments": 157,
    "timestamp_offset_min": 2999,
    "tags": [
      "#JiuJitsu"
    ]
  },
  {
    "id": "post_0239",
    "author": "@TorcidaSalvador",
    "type": "clean_win",
    "text": "Vitória limpa e técnica hoje. estrangulamento na gola bem encaixado. Respeito sempre. #Triangulo",
    "likes": 997,
    "comments": 636,
    "timestamp_offset_min": 1172,
    "tags": [
      "#NoGi"
    ]
  }
]