[
  {
    "id": "s_sup_raiz",
    "name": "Suplemento Raiz",
    "min_followers": 5000,
    "max_wanted": 3,
    "bonus": {
      "stamina_mult": 1.1
    },
    "monthly_pay": 350
  },
  {
    "id": "s_kimono_trad",
    "name": "Kimono Trad",
    "min_followers": 2500,
    "max_wanted": 2,
    "bonus": {
      "gi_choke_mult": 1.08
    },
    "monthly_pay": 220
  },
  {
    "id": "s_rashguard_br",
    "name": "Rashguard BR",
    "min_followers": 4000,
    "max_wanted": 4,
    "bonus": {
      "nogi_grip_mult": 1.06
    },
    "monthly_pay": 280
  },
  {
    "id": "s_energia_luta",
    "name": "Energia da Luta",
    "min_followers": 1500,
    "max_wanted": 5,
    "bonus": {
      "recovery_mult": 1.07
    },
    "monthly_pay": 160
  }
]